,E_sto,P_sto,P_load_sp,P_shed,P_load,P_sun,P_curt,P_pv,P_grid,c_grid
0,4,-0.52,0.52,0,0.52,0,0,0,0,0.1
0.5,3.74,-0.528,0.528,0,0.528,0,0,0,0,0.1
1,3.476,-0.496,0.496,0,0.496,0,0,0,0,0.1
1.5,3.228,-0.524,0.524,0,0.524,0,0,0,0,0.1
2,2.966,-0.418,0.418,0,0.418,0,0,0,0,0.1
2.5,2.757,-0.402,0.402,0,0.402,0,0,0,0,0.1
3,2.556,-0.434,0.434,0,0.434,0,0,0,0,0.1
3.5,2.339,-0.412,0.412,0,0.412,0,0,0,0,0.1
4,2.133,-0.508,0.508,0,0.508,0,0,0,0,0.1
4.5,1.879,-0.516,0.516,0,0.516,0,0,0,0,0.1
5,1.621,-0.462,0.462,0,0.462,0,0,0,0,0.1
5.5,1.39,-0.49,0.49,0,0.49,0,0,0,0,0.1
6,1.145,-0.491846154,0.538,0,0.538,0.0461538462,0,0.0461538462,0,0.2
6.5,0.899076923,-0.92,1.02,0,1.02,0.1,0,0.1,0,0.2
7,0.439076923,-0.305692308,0.498,0,0.498,0.192307692,0,0.192307692,0,0.2
7.5,0.286230769,-0.165692308,0.458,0,0.458,0.292307692,0,0.292307692,0,0.2
8,0.203384615,0.251076923,0.372,0,0.372,0.623076923,0,0.623076923,0,0.2
8.5,0.328923077,0.651692308,0.356,0,0.356,1.00769231,0,1.00769231,0,0.2
9,0.654769231,1.01215385,0.334,0,0.334,1.34615385,0,1.34615385,0,0.2
9.5,1.16084615,1.42292308,0.354,0,0.354,1.77692308,0,1.77692308,0,0.2
10,1.87230769,1.75153846,0.41,0,0.41,2.16153846,0,2.16153846,0,0.2
10.5,2.74807692,1.60107692,0.422,0,0.422,2.02307692,0,2.02307692,0,0.2
11,3.54861538,1.44738462,0.768,0,0.768,2.21538462,0,2.21538462,0,0.2
11.5,4.27230769,1.40784615,0.946,0,0.946,2.35384615,0,2.35384615,0,0.2
12,4.97623077,1.64215385,0.904,0,0.904,2.54615385,0,2.54615385,0,0.2
12.5,5.79730769,2.14476923,0.886,0,0.886,3.03076923,0,3.03076923,0,0.2
13,6.86969231,1.46984615,0.884,0,0.884,2.35384615,0,2.35384615,0,0.2
13.5,7.60461538,0.790769231,0.83,0,0.83,2.30769231,0.686923077,1.62076923,0,0.2
14,8,0,0.968,0,0.968,2.06923077,1.10123077,0.968,0,0.2
14.5,8,0,0.884,0,0.884,1.10769231,0.223692308,0.884,0,0.2
15,8,0,0.692,0,0.692,0.869230769,0.177230769,0.692,0,0.2
15.5,8,-0.0287692308,0.798,0,0.798,0.769230769,0,0.769230769,0,0.2
16,7.98561538,-0.190769231,0.96,0,0.96,0.769230769,0,0.769230769,0,0.2
16.5,7.89023077,0.0232307692,0.846,0,0.846,0.869230769,0,0.869230769,0,0.2
17,7.90184615,0.196307692,1.006,0,1.006,1.44615385,0.243846154,1.20230769,0,0.2
17.5,8,-0.218769231,1.088,0,1.088,0.869230769,0,0.869230769,0,0.2
18,7.89061538,-1.12953846,1.468,0,1.468,0.338461538,0,0.338461538,0,0.2
18.5,7.32584615,-1.20184615,1.348,0,1.348,0.146153846,0,0.146153846,0,0.2
19,6.72492308,-1.17784615,1.224,0,1.224,0.0461538462,0,0.0461538462,0,0.2
19.5,6.136,-1.166,1.166,0,1.166,0,0,0,0,0.2
20,5.553,-1.224,1.224,0,1.224,0,0,0,0,0.2
20.5,4.941,-1.118,1.118,0,1.118,0,0,0,0,0.2
21,4.382,-1.306,1.306,0,1.306,0,0,0,0,0.2
21.5,3.729,-1.256,1.256,0,1.256,0,0,0,0,0.2
22,3.101,-1.076,1.076,0,1.076,0,0,0,0,0.2
22.5,2.563,-0.926,0.926,0,0.926,0,0,0,0,0.2
23,2.1,-0.688,0.688,0,0.688,0,0,0,0,0.2
23.5,1.756,-0.558,0.558,0,0.558,0,0,0,0,0.2
24,1.477,-0.494,0.494,0,0.494,0,0,0,0,0.1
24.5,1.23,-0.482,0.482,0,0.482,0,0,0,0,0.1
25,0.989,-0.398,0.398,0,0.398,0,0,0,0,0.1
25.5,0.79,-0.406,0.406,0,0.406,0,0,0,0,0.1
26,0.587,-0.428,0.428,0,0.428,0,0,0,0,0.1
26.5,0.373,-0.454,0.454,0,0.454,0,0,0,0,0.1
27,0.146,-0.292,0.444,0,0.444,0,0,0,0.152,0.1
27.5,0,0,0.396,0,0.396,0,0,0,0.396,0.1
28,0,0,0.392,0,0.392,0,0,0,0.392,0.1
28.5,0,0,0.442,0,0.442,0,0,0,0.442,0.1
29,0,0,0.444,0,0.444,0,0,0,0.444,0.1
29.5,0,0,0.476,0,0.476,0.0461538462,0,0.0461538462,0.429846154,0.1
30,0,0,1.274,0,1.274,0.0461538462,0,0.0461538462,1.22784615,0.2
30.5,0,0,0.654,0,0.654,0.146153846,0,0.146153846,0.507846154,0.2
31,0,0,0.622,0,0.622,0.292307692,0,0.292307692,0.329692308,0.2
31.5,0,0,0.482,0,0.482,0.292307692,0,0.292307692,0.189692308,0.2
32,0,0,0.348,0,0.348,0.238461538,0,0.238461538,0.109538462,0.2
32.5,0,0.00261538462,0.482,0,0.482,0.484615385,0,0.484615385,0,0.2
33,0.00130769231,0.233230769,0.536,0,0.536,0.769230769,0,0.769230769,0,0.2
33.5,0.117923077,0.886307692,0.606,0,0.606,1.49230769,0,1.49230769,0,0.2
34,0.561076923,1.17661538,0.508,0,0.508,1.68461538,0,1.68461538,0,0.2
34.5,1.14938462,1.62923077,0.44,0,0.44,2.06923077,0,2.06923077,0,0.2
35,1.964,1.82538462,0.39,0,0.39,2.21538462,0,2.21538462,0,0.2
35.5,2.87669231,0.926615385,0.658,0,0.658,1.58461538,0,1.58461538,0,0.2
36,3.34,-0.112615385,0.928,0,0.928,0.815384615,0,0.815384615,0,0.2
36.5,3.28369231,-0.279076923,0.956,0,0.956,0.676923077,0,0.676923077,0,0.2
37,3.14415385,-0.0186153846,0.834,0,0.834,0.815384615,0,0.815384615,0,0.2
37.5,3.13484615,0.171538462,0.89,0,0.89,1.06153846,0,1.06153846,0,0.2
38,3.22061538,0.215538462,0.846,0,0.846,1.06153846,0,1.06153846,0,0.2
38.5,3.32838462,0.0413846154,0.874,0,0.874,0.915384615,0,0.915384615,0,0.2
39,3.34907692,0.742307692,0.65,0,0.65,1.39230769,0,1.39230769,0,0.2
39.5,3.72023077,1.37338462,0.842,0,0.842,2.21538462,0,2.21538462,0,0.2
40,4.40692308,0.066,1.134,0,1.134,1.2,0,1.2,0,0.2
40.5,4.43992308,-0.507692308,0.8,0,0.8,0.292307692,0,0.292307692,0,0.2
41,4.18607692,-0.751538462,0.99,0,0.99,0.238461538,0,0.238461538,0,0.2
41.5,3.81030769,-1.23769231,1.43,0,1.43,0.192307692,0,0.192307692,0,0.2
42,3.19146154,-1.07184615,1.218,0,1.218,0.146153846,0,0.146153846,0,0.2
42.5,2.65553846,-1.17984615,1.226,0,1.226,0.0461538462,0,0.0461538462,0,0.2
43,2.06561538,-1.108,1.108,0,1.108,0,0,0,0,0.2
43.5,1.51161538,-1.188,1.188,0,1.188,0,0,0,0,0.2
44,0.917615385,-1.22,1.22,0,1.22,0,0,0,0,0.2
44.5,0.307615385,-0.615230769,1.242,0,1.242,0,0,0,0.626769231,0.2
45,0,0,1.044,0,1.044,0,0,0,1.044,0.2
45.5,0,0,0.892,0,0.892,0,0,0,0.892,0.2
46,0,0,1.078,0,1.078,0,0,0,1.078,0.2
46.5,0,0,0.842,0,0.842,0,0,0,0.842,0.2
47,0,0,0.456,0,0.456,0,0,0,0.456,0.2
47.5,0,0,0.508,0,0.508,0,0,0,0.508,0.2
48,0,0,0.366,0,0.366,0.0461538462,0,0.0461538462,0.319846154,0.1
48.5,0,0,0.414,0,0.414,0,0,0,0.414,0.1
49,0,0,0.496,0,0.496,0,0,0,0.496,0.1
49.5,0,0,0.5,0,0.5,0,0,0,0.5,0.1
50,0,0,0.592,0,0.592,0,0,0,0.592,0.1
50.5,0,0,0.46,0,0.46,0,0,0,0.46,0.1
51,0,0,0.514,0,0.514,0,0,0,0.514,0.1
51.5,0,0,0.466,0,0.466,0,0,0,0.466,0.1
52,0,0,0.468,0,0.468,0,0,0,0.468,0.1
52.5,0,0,0.422,0,0.422,0,0,0,0.422,0.1
53,0,0,0.3,0,0.3,0,0,0,0.3,0.1
53.5,0,0,0.576,0,0.576,0,0,0,0.576,0.1
54,0,0,0.882,0,0.882,0.0461538462,0,0.0461538462,0.835846154,0.2
54.5,0,0,0.492,0,0.492,0.192307692,0,0.192307692,0.299692308,0.2
55,0,0,0.59,0,0.59,0.338461538,0,0.338461538,0.251538462,0.2
55.5,0,0.176769231,0.254,0,0.254,0.430769231,0,0.430769231,0,0.2
56,0.0883846154,0.180923077,0.396,0,0.396,0.576923077,0,0.576923077,0,0.2
56.5,0.178846154,0.521384615,0.294,0,0.294,0.815384615,0,0.815384615,0,0.2
57,0.439538462,0.549384615,0.366,0,0.366,0.915384615,0,0.915384615,0,0.2
57.5,0.714230769,0.483384615,0.432,0,0.432,0.915384615,0,0.915384615,0,0.2
58,0.955923077,0.465692308,0.542,0,0.542,1.00769231,0,1.00769231,0,0.2
58.5,1.18876923,1.42092308,0.356,0,0.356,1.77692308,0,1.77692308,0,0.2
59,1.89923077,1.48507692,0.438,0,0.438,1.92307692,0,1.92307692,0,0.2
59.5,2.64176923,1.35276923,0.478,0,0.478,1.83076923,0,1.83076923,0,0.2
60,3.31815385,1.19076923,0.54,0,0.54,1.73076923,0,1.73076923,0,0.2
60.5,3.91353846,1.47307692,0.55,0,0.55,2.02307692,0,2.02307692,0,0.2
61,4.65007692,1.15907692,0.864,0,0.864,2.02307692,0,2.02307692,0,0.2
61.5,5.22961538,2.31507692,0.908,0,0.908,3.22307692,0,3.22307692,0,0.2
62,6.38715385,1.92430769,0.868,0,0.868,2.79230769,0,2.79230769,0,0.2
62.5,7.34930769,1.30138462,1.214,0,1.214,2.88461538,0.369230769,2.51538462,0,0.2
63,8,0,1.084,0,1.084,3.03076923,1.94676923,1.084,0,0.2
63.5,8,0,2.39,0,2.39,2.79230769,0.402307692,2.39,0,0.2
64,8,0,1.782,0,1.782,2.54615385,0.764153846,1.782,0,0.2
64.5,8,0,0.76,0,0.76,2.26153846,1.50153846,0.76,0,0.2
65,8,0,0.906,0,0.906,1.87692308,0.970923077,0.906,0,0.2
65.5,8,0,0.988,0,0.988,1.53846154,0.550461538,0.988,0,0.2
66,8,-0.0884615385,1.15,0,1.15,1.06153846,0,1.06153846,0,0.2
66.5,7.95576923,-0.336923077,0.96,0,0.96,0.623076923,0,0.623076923,0,0.2
67,7.78730769,-0.743692308,0.936,0,0.936,0.192307692,0,0.192307692,0,0.2
67.5,7.41546154,-0.903846154,0.95,0,0.95,0.0461538462,0,0.0461538462,0,0.2
68,6.96353846,-1.034,1.034,0,1.034,0,0,0,0,0.2
68.5,6.44653846,-0.948,0.948,0,0.948,0,0,0,0,0.2
69,5.97253846,-1.044,1.044,0,1.044,0,0,0,0,0.2
69.5,5.45053846,-1.08,1.08,0,1.08,0,0,0,0,0.2
70,4.91053846,-0.832,0.832,0,0.832,0,0,0,0,0.2
70.5,4.49453846,-0.458,0.458,0,0.458,0,0,0,0,0.2
71,4.26553846,-0.412,0.412,0,0.412,0,0,0,0,0.2
71.5,4.05953846,-0.47,0.47,0,0.47,0,0,0,0,0.2
72,3.82453846,-0.482,0.482,0,0.482,0,0,0,0,0.1
72.5,3.58353846,-0.344,0.344,0,0.344,0,0,0,0,0.1
73,3.41153846,-0.376,0.376,0,0.376,0,0,0,0,0.1
73.5,3.22353846,-0.442,0.442,0,0.442,0,0,0,0,0.1
74,3.00253846,-0.372,0.372,0,0.372,0,0,0,0,0.1
74.5,2.81653846,-0.312,0.312,0,0.312,0,0,0,0,0.1
75,2.66053846,-0.45,0.45,0,0.45,0,0,0,0,0.1
75.5,2.43553846,-0.258,0.258,0,0.258,0,0,0,0,0.1
76,2.30653846,-0.342,0.342,0,0.342,0,0,0,0,0.1
76.5,2.13553846,-0.344,0.344,0,0.344,0,0,0,0,0.1
77,1.96353846,-0.434,0.434,0,0.434,0,0,0,0,0.1
77.5,1.74653846,-0.486,0.486,0,0.486,0,0,0,0,0.1
78,1.50353846,-0.882,0.882,0,0.882,0,0,0,0,0.2
78.5,1.06253846,-0.573846154,0.62,0,0.62,0.0461538462,0,0.0461538462,0,0.2
79,0.775615385,-0.243538462,0.482,0,0.482,0.238461538,0,0.238461538,0,0.2
79.5,0.653846154,0.114769231,0.316,0,0.316,0.430769231,0,0.430769231,0,0.2
80,0.711230769,0.159076923,0.464,0,0.464,0.623076923,0,0.623076923,0,0.2
80.5,0.790769231,0.595692308,0.412,0,0.412,1.00769231,0,1.00769231,0,0.2
81,1.08861538,0.857846154,0.396,0,0.396,1.25384615,0,1.25384615,0,0.2
81.5,1.51753846,0.964307692,0.428,0,0.428,1.39230769,0,1.39230769,0,0.2
82,1.99969231,0.938461538,0.7,0,0.7,1.63846154,0,1.63846154,0,0.2
82.5,2.46892308,1.12907692,0.794,0,0.794,1.92307692,0,1.92307692,0,0.2
83,3.03346154,1.40507692,0.518,0,0.518,1.92307692,0,1.92307692,0,0.2
83.5,3.736,2.09015385,0.456,0,0.456,2.54615385,0,2.54615385,0,0.2
84,4.78107692,2.29830769,0.494,0,0.494,2.79230769,0,2.79230769,0,0.2
84.5,5.93023077,2.43707692,0.786,0,0.786,3.22307692,0,3.22307692,0,0.2
85,7.14876923,1.70246154,0.796,0,0.796,3.46153846,0.963076923,2.49846154,0,0.2
85.5,8,0,0.918,0,0.918,3.41538462,2.49738462,0.918,0,0.2
86,8,0,0.81,0,0.81,3.17692308,2.36692308,0.81,0,0.2
86.5,8,0,1.502,0,1.502,3.12307692,1.62107692,1.502,0,0.2
87,8,0,1.414,0,1.414,3.07692308,1.66292308,1.414,0,0.2
87.5,8,0,0.82,0,0.82,2.79230769,1.97230769,0.82,0,0.2
88,8,0,0.644,0,0.644,1.68461538,1.04061538,0.644,0,0.2
88.5,8,0,0.804,0,0.804,2.35384615,1.54984615,0.804,0,0.2
89,8,0,0.944,0,0.944,1.83076923,0.886769231,0.944,0,0.2
89.5,8,0,1.064,0,1.064,1.58461538,0.520615385,1.064,0,0.2
90,8,-0.0784615385,1.04,0,1.04,0.961538462,0,0.961538462,0,0.2
90.5,7.96076923,-0.684923077,1.308,0,1.308,0.623076923,0,0.623076923,0,0.2
91,7.61830769,-1.17753846,1.416,0,1.416,0.238461538,0,0.238461538,0,0.2
91.5,7.02953846,-1.014,1.014,0,1.014,0,0,0,0,0.2
92,6.52253846,-1.396,1.396,0,1.396,0,0,0,0,0.2
92.5,5.82453846,-1.124,1.124,0,1.124,0,0,0,0,0.2
93,5.26253846,-0.872,0.872,0,0.872,0,0,0,0,0.2
93.5,4.82653846,-0.914,0.914,0,0.914,0,0,0,0,0.2
94,4.36953846,-0.932,0.932,0,0.932,0,0,0,0,0.2
94.5,3.90353846,-0.954,0.954,0,0.954,0,0,0,0,0.2
95,3.42653846,-0.934,0.934,0,0.934,0,0,0,0,0.2
95.5,2.95953846,-1.124,1.124,0,1.124,0,0,0,0,0.2
96,2.39753846,-0.934,0.934,0,0.934,0,0,0,0,0.1
96.5,1.93053846,-0.82,0.82,0,0.82,0,0,0,0,0.1
97,1.52053846,-0.506,0.506,0,0.506,0,0,0,0,0.1
97.5,1.26753846,-0.36,0.36,0,0.36,0,0,0,0,0.1
98,1.08753846,-0.398,0.398,0,0.398,0,0,0,0,0.1
98.5,0.888538462,-0.472,0.472,0,0.472,0,0,0,0,0.1
99,0.652538462,-0.45,0.45,0,0.45,0,0,0,0,0.1
99.5,0.427538462,-0.366,0.366,0,0.366,0,0,0,0,0.1
100,0.244538462,-0.324,0.324,0,0.324,0,0,0,0,0.1
100.5,0.0825384615,-0.165076923,0.358,0,0.358,0,0,0,0.192923077,0.1
101,0,0,0.28,0,0.28,0,0,0,0.28,0.1
101.5,0,0,0.298,0,0.298,0,0,0,0.298,0.1
102,0,0,0.374,0,0.374,0.0461538462,0,0.0461538462,0.327846154,0.2
102.5,0,0,0.378,0,0.378,0.192307692,0,0.192307692,0.185692308,0.2
103,0,0.0303076923,0.262,0,0.262,0.292307692,0,0.292307692,0,0.2
103.5,0.0151538462,0.174769231,0.356,0,0.356,0.530769231,0,0.530769231,0,0.2
104,0.102538462,0.239076923,0.384,0,0.384,0.623076923,0,0.623076923,0,0.2
104.5,0.222076923,0.633384615,0.282,0,0.282,0.915384615,0,0.915384615,0,0.2
105,0.538769231,0.624,0.576,0,0.576,1.2,0,1.2,0,0.2
105.5,0.850769231,1.24061538,0.344,0,0.344,1.58461538,0,1.58461538,0,0.2
106,1.47107692,1.17476923,0.556,0,0.556,1.73076923,0,1.73076923,0,0.2
106.5,2.05846154,1.806,0.794,0,0.794,2.6,0,2.6,0,0.2
107,2.96146154,1.73569231,0.572,0,0.572,2.30769231,0,2.30769231,0,0.2
107.5,3.82930769,1.94230769,0.85,0,0.85,2.79230769,0,2.79230769,0,0.2
108,4.80046154,2.18461538,0.8,0,0.8,2.98461538,0,2.98461538,0,0.2
108.5,5.89276923,2.68092308,0.496,0,0.496,3.17692308,0,3.17692308,0,0.2
109,7.23323077,1.53353846,0.592,0,0.592,3.26923077,1.14369231,2.12553846,0,0.2
109.5,8,0,0.532,0,0.532,3.12307692,2.59107692,0.532,0,0.2
110,8,0,0.428,0,0.428,3.17692308,2.74892308,0.428,0,0.2
110.5,8,0,0.426,0,0.426,3.03076923,2.60476923,0.426,0,0.2
111,8,0,0.446,0,0.446,2.93076923,2.48476923,0.446,0,0.2
111.5,8,0,0.406,0,0.406,2.73846154,2.33246154,0.406,0,0.2
112,8,0,0.334,0,0.334,2.5,2.166,0.334,0,0.2
112.5,8,0,0.468,0,0.468,2.21538462,1.74738462,0.468,0,0.2
113,8,0,1.014,0,1.014,1.87692308,0.862923077,1.014,0,0.2
113.5,8,0,0.758,0,0.758,1.49230769,0.734307692,0.758,0,0.2
114,8,0,0.72,0,0.72,1.00769231,0.287692308,0.72,0,0.2
114.5,8,-0.138923077,0.762,0,0.762,0.623076923,0,0.623076923,0,0.2
115,7.93053846,-0.541692308,0.734,0,0.734,0.192307692,0,0.192307692,0,0.2
115.5,7.65969231,-0.73,0.73,0,0.73,0,0,0,0,0.2
116,7.29469231,-0.75,0.75,0,0.75,0,0,0,0,0.2
116.5,6.91969231,-0.754,0.754,0,0.754,0,0,0,0,0.2
117,6.54269231,-0.784,0.784,0,0.784,0,0,0,0,0.2
117.5,6.15069231,-0.678,0.678,0,0.678,0,0,0,0,0.2
118,5.81169231,-0.986,0.986,0,0.986,0,0,0,0,0.2
118.5,5.31869231,-0.694,0.694,0,0.694,0,0,0,0,0.2
119,4.97169231,-0.604,0.604,0,0.604,0,0,0,0,0.2
119.5,4.66969231,-0.546,0.546,0,0.546,0,0,0,0,0.2
120,4.39669231,-0.52,0.52,0,0.52,0,0,0,0,0.1
120.5,4.13669231,-0.526,0.526,0,0.526,0,0,0,0,0.1
121,3.87369231,-0.586,0.586,0,0.586,0,0,0,0,0.1
121.5,3.58069231,-0.532,0.532,0,0.532,0,0,0,0,0.1
122,3.31469231,-0.408,0.408,0,0.408,0,0,0,0,0.1
122.5,3.11069231,-0.478,0.478,0,0.478,0,0,0,0,0.1
123,2.87169231,-0.48,0.48,0,0.48,0,0,0,0,0.1
123.5,2.63169231,-0.418,0.418,0,0.418,0,0,0,0,0.1
124,2.42269231,-0.322,0.322,0,0.322,0,0,0,0,0.1
124.5,2.26169231,-0.315846154,0.362,0,0.362,0.0461538462,0,0.0461538462,0,0.1
125,2.10376923,-0.35,0.35,0,0.35,0,0,0,0,0.1
125.5,1.92876923,-0.748,0.748,0,0.748,0,0,0,0,0.1
126,1.55476923,-0.85,0.95,0,0.95,0.1,0,0.1,0,0.2
126.5,1.12976923,-0.834,0.934,0,0.934,0.1,0,0.1,0,0.2
127,0.712769231,-1.02,1.12,0,1.12,0.1,0,0.1,0,0.2
127.5,0.202769231,-0.405538462,0.992,0,0.992,0.292307692,0,0.292307692,0.294153846,0.2
128,0,0,0.992,0,0.992,0.576923077,0,0.576923077,0.415076923,0.2
128.5,0,0.165692308,0.942,0,0.942,1.10769231,0,1.10769231,0,0.2
129,0.0828461538,0.00938461538,0.806,0,0.806,0.815384615,0,0.815384615,0,0.2
129.5,0.0875384615,0.364,0.936,0,0.936,1.3,0,1.3,0,0.2
130,0.269538462,0.115384615,0.8,0,0.8,0.915384615,0,0.915384615,0,0.2
130.5,0.327230769,0.932615385,0.752,0,0.752,1.68461538,0,1.68461538,0,0.2
131,0.793538462,-0.255692308,0.448,0,0.448,0.192307692,0,0.192307692,0,0.2
131.5,0.665692308,0.100923077,0.576,0,0.576,0.676923077,0,0.676923077,0,0.2
132,0.716153846,0.247846154,0.906,0,0.906,1.15384615,0,1.15384615,0,0.2
132.5,0.840076923,-0.277076923,0.854,0,0.854,0.576923077,0,0.576923077,0,0.2
133,0.701538462,0.115384615,0.7,0,0.7,0.815384615,0,0.815384615,0,0.2
133.5,0.759230769,-1.00369231,1.196,0,1.196,0.192307692,0,0.192307692,0,0.2
134,0.257384615,-0.0364615385,1.098,0,1.098,1.06153846,0,1.06153846,0,0.2
134.5,0.239153846,0.540461538,0.998,0,0.998,1.53846154,0,1.53846154,0,0.2
135,0.509384615,-0.274769231,1.044,0,1.044,0.769230769,0,0.769230769,0,0.2
135.5,0.372,-0.744,1.366,0,1.366,0.576923077,0,0.576923077,0.0450769231,0.2
136,0,0,0.78,0,0.78,0.192307692,0,0.192307692,0.587692308,0.2
136.5,0,0,0.93,0,0.93,0.1,0,0.1,0.83,0.2
137,0,0,1.02,0,1.02,0.1,0,0.1,0.92,0.2
137.5,0,0,1.024,0,1.024,0.0461538462,0,0.0461538462,0.977846154,0.2
138,0,0,1.238,0,1.238,0.0461538462,0,0.0461538462,1.19184615,0.2
138.5,0,0,0.998,0,0.998,0,0,0,0.998,0.2
139,0,0,0.886,0,0.886,0,0,0,0.886,0.2
139.5,0,0,1.196,0,1.196,0,0,0,1.196,0.2
140,0,0,1.02,0,1.02,0,0,0,1.02,0.2
140.5,0,0,0.796,0,0.796,0,0,0,0.796,0.2
141,0,0,0.966,0,0.966,0,0,0,0.966,0.2
141.5,0,0,1.084,0,1.084,0,0,0,1.084,0.2
142,0,0,0.91,0,0.91,0,0,0,0.91,0.2
142.5,0,0,0.656,0,0.656,0,0,0,0.656,0.2
143,0,0,0.56,0,0.56,0,0,0,0.56,0.2
143.5,0,0,0.416,0,0.416,0,0,0,0.416,0.2
144,0,0,0.31,0,0.31,0,0,0,0.31,0.1
144.5,0,0,0.452,0,0.452,0,0,0,0.452,0.1
145,0,0,0.252,0,0.252,0,0,0,0.252,0.1
145.5,0,0,0.446,0,0.446,0,0,0,0.446,0.1
146,0,0,0.386,0,0.386,0,0,0,0.386,0.1
146.5,0,0,0.39,0,0.39,0,0,0,0.39,0.1
147,0,0,0.478,0,0.478,0,0,0,0.478,0.1
147.5,0,0,0.424,0,0.424,0,0,0,0.424,0.1
148,0,0,0.402,0,0.402,0,0,0,0.402,0.1
148.5,0,0,0.358,0,0.358,0,0,0,0.358,0.1
149,0,0,0.306,0,0.306,0,0,0,0.306,0.1
149.5,0,0,0.472,0,0.472,0,0,0,0.472,0.1
150,0,0,0.578,0,0.578,0.0461538462,0,0.0461538462,0.531846154,0.2
150.5,0,0,0.286,0,0.286,0.1,0,0.1,0.186,0.2
151,0,0,0.452,0,0.452,0.146153846,0,0.146153846,0.305846154,0.2
151.5,0,0,0.77,0,0.77,0.292307692,0,0.292307692,0.477692308,0.2
152,0,0.0910769231,0.532,0,0.532,0.623076923,0,0.623076923,0,0.2
152.5,0.0455384615,0.547230769,0.322,0,0.322,0.869230769,0,0.869230769,0,0.2
153,0.319153846,1.29246154,0.246,0,0.246,1.53846154,0,1.53846154,0,0.2
153.5,0.965384615,1.52123077,0.448,0,0.448,1.96923077,0,1.96923077,0,0.2
154,1.726,1.91138462,0.204,0,0.204,2.11538462,0,2.11538462,0,0.2
154.5,2.68169231,1.32876923,0.402,0,0.402,1.73076923,0,1.73076923,0,0.2
155,3.34607692,1.45092308,0.326,0,0.326,1.77692308,0,1.77692308,0,0.2
155.5,4.07153846,1.13815385,0.308,0,0.308,1.44615385,0,1.44615385,0,0.2
156,4.64061538,1.44723077,0.522,0,0.522,1.96923077,0,1.96923077,0,0.2
156.5,5.36423077,1.45676923,0.374,0,0.374,1.83076923,0,1.83076923,0,0.2
157,6.09261538,1.60907692,0.414,0,0.414,2.02307692,0,2.02307692,0,0.2
157.5,6.89715385,0.395230769,0.474,0,0.474,0.869230769,0,0.869230769,0,0.2
158,7.09476923,0.625846154,0.628,0,0.628,1.25384615,0,1.25384615,0,0.2
158.5,7.40769231,-0.394769231,2.364,0,2.364,1.96923077,0,1.96923077,0,0.2
159,7.21030769,-0.712,2.012,0,2.012,1.3,0,1.3,0,0.2
159.5,6.85430769,0.648153846,0.698,0,0.698,1.34615385,0,1.34615385,0,0.2
160,7.17838462,0.481692308,0.626,0,0.626,1.10769231,0,1.10769231,0,0.2
160.5,7.41923077,-0.298769231,1.068,0,1.068,0.769230769,0,0.769230769,0,0.2
161,7.26984615,-0.341384615,0.826,0,0.826,0.484615385,0,0.484615385,0,0.2
161.5,7.09915385,-1.08784615,1.234,0,1.234,0.146153846,0,0.146153846,0,0.2
162,6.55523077,-0.855692308,1.048,0,1.048,0.192307692,0,0.192307692,0,0.2
162.5,6.12738462,-0.799846154,0.946,0,0.946,0.146153846,0,0.146153846,0,0.2
163,5.72746154,-1.256,1.256,0,1.256,0,0,0,0,0.2
163.5,5.09946154,-0.972,0.972,0,0.972,0,0,0,0,0.2
164,4.61346154,-0.728,0.728,0,0.728,0,0,0,0,0.2
164.5,4.24946154,-0.792,0.792,0,0.792,0,0,0,0,0.2
165,3.85346154,-0.882,0.882,0,0.882,0,0,0,0,0.2
165.5,3.41246154,-0.818,0.818,0,0.818,0,0,0,0,0.2
166,3.00346154,-0.536,0.536,0,0.536,0,0,0,0,0.2
166.5,2.73546154,-0.432,0.432,0,0.432,0,0,0,0,0.2
167,2.51946154,-0.454,0.454,0,0.454,0,0,0,0,0.2
167.5,2.29246154,-0.424,0.424,0,0.424,0,0,0,0,0.2
168,2.08046154,-0.294,0.294,0,0.294,0,0,0,0,0.1
168.5,1.93346154,-0.386,0.386,0,0.386,0,0,0,0,0.1
169,1.74046154,-0.272,0.272,0,0.272,0,0,0,0,0.1
169.5,1.60446154,-0.398,0.398,0,0.398,0,0,0,0,0.1
170,1.40546154,-0.296,0.296,0,0.296,0,0,0,0,0.1
170.5,1.25746154,-0.342,0.342,0,0.342,0,0,0,0,0.1
171,1.08646154,-0.486,0.486,0,0.486,0,0,0,0,0.1
171.5,0.843461538,-0.384,0.384,0,0.384,0,0,0,0,0.1
172,0.651461538,-0.362,0.362,0,0.362,0,0,0,0,0.1
172.5,0.470461538,-0.434,0.434,0,0.434,0,0,0,0,0.1
173,0.253461538,-0.308,0.308,0,0.308,0,0,0,0,0.1
173.5,0.0994615385,-0.198923077,0.458,0,0.458,0,0,0,0.259076923,0.1
174,0,0,0.508,0,0.508,0.0461538462,0,0.0461538462,0.461846154,0.2
174.5,0,0,0.468,0,0.468,0.0461538462,0,0.0461538462,0.421846154,0.2
175,0,0,0.39,0,0.39,0.192307692,0,0.192307692,0.197692308,0.2
175.5,0,0.148769231,0.282,0,0.282,0.430769231,0,0.430769231,0,0.2
176,0.0743846154,-0.0653846154,0.45,0,0.45,0.384615385,0,0.384615385,0,0.2
176.5,0.0416923077,0.108615385,0.276,0,0.276,0.384615385,0,0.384615385,0,0.2
177,0.096,0.182923077,0.394,0,0.394,0.576923077,0,0.576923077,0,0.2
177.5,0.187461538,0.573384615,0.242,0,0.242,0.815384615,0,0.815384615,0,0.2
178,0.474153846,0.0712307692,0.698,0,0.698,0.769230769,0,0.769230769,0,0.2
178.5,0.509769231,0.577230769,0.292,0,0.292,0.869230769,0,0.869230769,0,0.2
179,0.798384615,0.347230769,0.422,0,0.422,0.769230769,0,0.769230769,0,0.2
179.5,0.972,0.790153846,0.656,0,0.656,1.44615385,0,1.44615385,0,0.2
180,1.36707692,1.05276923,0.678,0,0.678,1.73076923,0,1.73076923,0,0.2
180.5,1.89346154,0.778461538,0.76,0,0.76,1.53846154,0,1.53846154,0,0.2
181,2.28269231,0.654,0.646,0,0.646,1.3,0,1.3,0,0.2
181.5,2.60969231,0.730153846,0.716,0,0.716,1.44615385,0,1.44615385,0,0.2
182,2.97476923,1.09276923,0.638,0,0.638,1.73076923,0,1.73076923,0,0.2
182.5,3.52115385,1.02892308,0.748,0,0.748,1.77692308,0,1.77692308,0,0.2
183,4.03561538,0.880461538,0.658,0,0.658,1.53846154,0,1.53846154,0,0.2
183.5,4.47584615,1.17876923,0.652,0,0.652,1.83076923,0,1.83076923,0,0.2
184,5.06523077,0.674307692,0.818,0,0.818,1.49230769,0,1.49230769,0,0.2
184.5,5.40238462,0.405846154,0.748,0,0.748,1.15384615,0,1.15384615,0,0.2
185,5.60530769,0.103692308,1.004,0,1.004,1.10769231,0,1.10769231,0,0.2
185.5,5.65715385,-0.467076923,1.044,0,1.044,0.576923077,0,0.576923077,0,0.2
186,5.42361538,-0.911538462,1.25,0,1.25,0.338461538,0,0.338461538,0,0.2
186.5,4.96784615,-0.827692308,1.02,0,1.02,0.192307692,0,0.192307692,0,0.2
187,4.554,-0.829846154,0.876,0,0.876,0.0461538462,0,0.0461538462,0,0.2
187.5,4.13907692,-1.31,1.31,0,1.31,0,0,0,0,0.2
188,3.48407692,-0.778,0.778,0,0.778,0,0,0,0,0.2
188.5,3.09507692,-0.874,0.874,0,0.874,0,0,0,0,0.2
189,2.65807692,-0.87,0.87,0,0.87,0,0,0,0,0.2
189.5,2.22307692,-0.536,0.536,0,0.536,0,0,0,0,0.2
190,1.95507692,-0.378,0.378,0,0.378,0,0,0,0,0.2
190.5,1.76607692,-0.42,0.42,0,0.42,0,0,0,0,0.2
191,1.55607692,-0.346,0.346,0,0.346,0,0,0,0,0.2
191.5,1.38307692,-0.354,0.354,0,0.354,0,0,0,0,0.2
192,1.20607692,-0.384,0.384,0,0.384,0,0,0,0,0.1
192.5,1.01407692,-0.448,0.448,0,0.448,0,0,0,0,0.1
193,0.790076923,-0.298,0.298,0,0.298,0,0,0,0,0.1
193.5,0.641076923,-0.26,0.26,0,0.26,0,0,0,0,0.1
194,0.511076923,-0.45,0.45,0,0.45,0,0,0,0,0.1
194.5,0.286076923,-0.288,0.288,0,0.288,0,0,0,0,0.1
195,0.142076923,-0.284153846,0.286,0,0.286,0,0,0,0.00184615385,0.1
195.5,0,0,0.362,0,0.362,0,0,0,0.362,0.1
196,0,0,0.22,0,0.22,0,0,0,0.22,0.1
196.5,0,0,0.374,0,0.374,0,0,0,0.374,0.1
197,0,0,0.318,0,0.318,0.0461538462,0,0.0461538462,0.271846154,0.1
197.5,0,0,0.254,0,0.254,0,0,0,0.254,0.1
198,0,0,0.81,0,0.81,0.0461538462,0,0.0461538462,0.763846154,0.2
198.5,0,0,0.936,0,0.936,0.192307692,0,0.192307692,0.743692308,0.2
199,0,0,0.86,0,0.86,0.338461538,0,0.338461538,0.521538462,0.2
199.5,0,0,0.968,0,0.968,0.384615385,0,0.384615385,0.583384615,0.2
200,0,0.00707692308,0.716,0,0.716,0.723076923,0,0.723076923,0,0.2
200.5,0.00353846154,-0.00707692308,1.214,0,1.214,0.915384615,0,0.915384615,0.291538462,0.2
201,0,0.632,0.668,0,0.668,1.3,0,1.3,0,0.2
201.5,0.316,1.23646154,0.302,0,0.302,1.53846154,0,1.53846154,0,0.2
202,0.934230769,0.910153846,0.436,0,0.436,1.34615385,0,1.34615385,0,0.2
202.5,1.38930769,1.06415385,0.282,0,0.282,1.34615385,0,1.34615385,0,0.2
203,1.92138462,0.842153846,0.604,0,0.604,1.44615385,0,1.44615385,0,0.2
203.5,2.34246154,0.162,1.138,0,1.138,1.3,0,1.3,0,0.2
204,2.42346154,1.36538462,0.85,0,0.85,2.21538462,0,2.21538462,0,0.2
204.5,3.10615385,1.29738462,0.918,0,0.918,2.21538462,0,2.21538462,0,0.2
205,3.75484615,0.402153846,1.044,0,1.044,1.44615385,0,1.44615385,0,0.2
205.5,3.95592308,0.316615385,1.368,0,1.368,1.68461538,0,1.68461538,0,0.2
206,4.11423077,0.0843076923,1.408,0,1.408,1.49230769,0,1.49230769,0,0.2
206.5,4.15638462,0.00969230769,1.098,0,1.098,1.10769231,0,1.10769231,0,0.2
207,4.16123077,0.171230769,0.698,0,0.698,0.869230769,0,0.869230769,0,0.2
207.5,4.24684615,-0.314923077,0.938,0,0.938,0.623076923,0,0.623076923,0,0.2
208,4.08938462,-0.551538462,0.89,0,0.89,0.338461538,0,0.338461538,0,0.2
208.5,3.81361538,-0.789846154,0.936,0,0.936,0.146153846,0,0.146153846,0,0.2
209,3.41869231,-0.721692308,0.914,0,0.914,0.192307692,0,0.192307692,0,0.2
209.5,3.05784615,-0.929692308,1.222,0,1.222,0.292307692,0,0.292307692,0,0.2
210,2.593,-1.66384615,1.81,0,1.81,0.146153846,0,0.146153846,0,0.2
210.5,1.76107692,-2.17384615,2.22,0,2.22,0.0461538462,0,0.0461538462,0,0.2
211,0.674153846,-0.94,0.94,0,0.94,0,0,0,0,0.2
211.5,0.204153846,-0.408307692,1.006,0,1.006,0,0,0,0.597692308,0.2
212,0,0,1.254,0,1.254,0,0,0,1.254,0.2
212.5,0,0,0.878,0,0.878,0,0,0,0.878,0.2
213,0,0,0.96,0,0.96,0,0,0,0.96,0.2
213.5,0,0,0.928,0,0.928,0,0,0,0.928,0.2
214,0,0,0.856,0,0.856,0,0,0,0.856,0.2
214.5,0,0,0.794,0,0.794,0,0,0,0.794,0.2
215,0,0,0.868,0,0.868,0,0,0,0.868,0.2
215.5,0,0,0.676,0,0.676,0,0,0,0.676,0.2
216,0,0,0.386,0,0.386,0,0,0,0.386,0.1
216.5,0,0,0.266,0,0.266,0,0,0,0.266,0.1
217,0,0,0.284,0,0.284,0,0,0,0.284,0.1
217.5,0,0,0.522,0,0.522,0,0,0,0.522,0.1
218,0,0,0.366,0,0.366,0,0,0,0.366,0.1
218.5,0,0,0.408,0,0.408,0,0,0,0.408,0.1
219,0,0,0.368,0,0.368,0,0,0,0.368,0.1
219.5,0,0,0.242,0,0.242,0,0,0,0.242,0.1
220,0,0,0.35,0,0.35,0,0,0,0.35,0.1
220.5,0,0,0.404,0,0.404,0,0,0,0.404,0.1
221,0,0,0.616,0,0.616,0,0,0,0.616,0.1
221.5,0,0,0.414,0,0.414,0,0,0,0.414,0.1
222,0,0,0.934,0,0.934,0.0461538462,0,0.0461538462,0.887846154,0.2
222.5,0,0,0.536,0,0.536,0.1,0,0.1,0.436,0.2
223,0,0,0.476,0,0.476,0.238461538,0,0.238461538,0.237538462,0.2
223.5,0,0.0167692308,0.414,0,0.414,0.430769231,0,0.430769231,0,0.2
224,0.00838461538,0.543230769,0.226,0,0.226,0.769230769,0,0.769230769,0,0.2
224.5,0.28,0.529384615,0.386,0,0.386,0.915384615,0,0.915384615,0,0.2
225,0.544692308,0.108615385,0.376,0,0.376,0.484615385,0,0.484615385,0,0.2
225.5,0.599,0.241076923,0.382,0,0.382,0.623076923,0,0.623076923,0,0.2
226,0.719538462,0.647538462,0.414,0,0.414,1.06153846,0,1.06153846,0,0.2
226.5,1.04330769,0.964153846,0.382,0,0.382,1.34615385,0,1.34615385,0,0.2
227,1.52538462,0.992153846,0.354,0,0.354,1.34615385,0,1.34615385,0,0.2
227.5,2.02146154,-0.0110769231,0.588,0,0.588,0.576923077,0,0.576923077,0,0.2
228,2.01592308,0.413384615,0.402,0,0.402,0.815384615,0,0.815384615,0,0.2
228.5,2.22261538,0.51,0.79,0,0.79,1.3,0,1.3,0,0.2
229,2.47761538,0.708307692,0.684,0,0.684,1.39230769,0,1.39230769,0,0.2
229.5,2.83176923,0.407692308,0.7,0,0.7,1.10769231,0,1.10769231,0,0.2
230,3.03561538,0.0853846154,0.73,0,0.73,0.815384615,0,0.815384615,0,0.2
230.5,3.07830769,0.253692308,0.854,0,0.854,1.10769231,0,1.10769231,0,0.2
231,3.20515385,0.237384615,0.678,0,0.678,0.915384615,0,0.915384615,0,0.2
231.5,3.32384615,0.351230769,0.418,0,0.418,0.769230769,0,0.769230769,0,0.2
232,3.49946154,0.107076923,0.516,0,0.516,0.623076923,0,0.623076923,0,0.2
232.5,3.553,-0.193384615,0.678,0,0.678,0.484615385,0,0.484615385,0,0.2
233,3.45630769,-0.577692308,0.87,0,0.87,0.292307692,0,0.292307692,0,0.2
233.5,3.16746154,-0.611538462,0.95,0,0.95,0.338461538,0,0.338461538,0,0.2
234,2.86169231,-0.825692308,1.118,0,1.118,0.292307692,0,0.292307692,0,0.2
234.5,2.44884615,-0.793846154,0.94,0,0.94,0.146153846,0,0.146153846,0,0.2
235,2.05192308,-1.024,1.024,0,1.024,0,0,0,0,0.2
235.5,1.53992308,-1.096,1.096,0,1.096,0,0,0,0,0.2
236,0.991923077,-0.972,0.972,0,0.972,0,0,0,0,0.2
236.5,0.505923077,-1.01184615,1.016,0,1.016,0,0,0,0.00415384615,0.2
237,0,0,0.952,0,0.952,0.0461538462,0,0.0461538462,0.905846154,0.2
237.5,0,0,1.088,0,1.088,0,0,0,1.088,0.2
238,0,0,0.71,0,0.71,0,0,0,0.71,0.2
238.5,0,0,0.646,0,0.646,0,0,0,0.646,0.2
239,0,0,0.488,0,0.488,0,0,0,0.488,0.2
239.5,0,0,0.41,0,0.41,0,0,0,0.41,0.2
240,0,0,0.358,0,0.358,0,0,0,0.358,0.1
240.5,0,0,0.352,0,0.352,0,0,0,0.352,0.1
241,0,0,0.268,0,0.268,0,0,0,0.268,0.1
241.5,0,0,0.324,0,0.324,0,0,0,0.324,0.1
242,0,0,0.302,0,0.302,0,0,0,0.302,0.1
242.5,0,0,0.318,0,0.318,0,0,0,0.318,0.1
243,0,0,0.482,0,0.482,0,0,0,0.482,0.1
243.5,0,0,0.4,0,0.4,0,0,0,0.4,0.1
244,0,0,0.442,0,0.442,0,0,0,0.442,0.1
244.5,0,0,0.376,0,0.376,0,0,0,0.376,0.1
245,0,0,0.278,0,0.278,0,0,0,0.278,0.1
245.5,0,0,0.456,0,0.456,0,0,0,0.456,0.1
246,0,0,0.934,0,0.934,0.0461538462,0,0.0461538462,0.887846154,0.2
246.5,0,0,0.7,0,0.7,0.0461538462,0,0.0461538462,0.653846154,0.2
247,0,0,0.448,0,0.448,0.146153846,0,0.146153846,0.301846154,0.2
247.5,0,0,0.468,0,0.468,0.238461538,0,0.238461538,0.229538462,0.2
248,0,0.170769231,0.36,0,0.36,0.530769231,0,0.530769231,0,0.2
248.5,0.0853846154,0.571384615,0.244,0,0.244,0.815384615,0,0.815384615,0,0.2
249,0.371076923,1.50876923,0.322,0,0.322,1.83076923,0,1.83076923,0,0.2
249.5,1.12546154,1.54707692,0.376,0,0.376,1.92307692,0,1.92307692,0,0.2
250,1.899,1.04030769,0.352,0,0.352,1.39230769,0,1.39230769,0,0.2
250.5,2.41915385,1.78538462,0.43,0,0.43,2.21538462,0,2.21538462,0,0.2
251,3.31184615,1.67553846,0.486,0,0.486,2.16153846,0,2.16153846,0,0.2
251.5,4.14961538,2.114,0.486,0,0.486,2.6,0,2.6,0,0.2
252,5.20661538,2.31276923,0.618,0,0.618,2.93076923,0,2.93076923,0,0.2
252.5,6.363,2.13092308,0.946,0,0.946,3.07692308,0,3.07692308,0,0.2
253,7.42846154,1.14307692,0.82,0,0.82,2.83846154,0.875384615,1.96307692,0,0.2
253.5,8,0,0.788,0,0.788,2.98461538,2.19661538,0.788,0,0.2
254,8,0,0.784,0,0.784,2.93076923,2.14676923,0.784,0,0.2
254.5,8,0,0.866,0,0.866,2.79230769,1.92630769,0.866,0,0.2
255,8,0,0.758,0,0.758,2.30769231,1.54969231,0.758,0,0.2
255.5,8,0,0.414,0,0.414,2.06923077,1.65523077,0.414,0,0.2
256,8,0,0.474,0,0.474,1.53846154,1.06446154,0.474,0,0.2
256.5,8,0,0.854,0,0.854,1.63846154,0.784461538,0.854,0,0.2
257,8,-0.00661538462,0.922,0,0.922,0.915384615,0,0.915384615,0,0.2
257.5,7.99669231,-0.521230769,0.952,0,0.952,0.430769231,0,0.430769231,0,0.2
258,7.73607692,-0.681538462,1.02,0,1.02,0.338461538,0,0.338461538,0,0.2
258.5,7.39530769,-0.635538462,0.874,0,0.874,0.238461538,0,0.238461538,0,0.2
259,7.07753846,-0.74,0.84,0,0.84,0.1,0,0.1,0,0.2
259.5,6.70753846,-0.806,0.806,0,0.806,0,0,0,0,0.2
260,6.30453846,-0.834,0.834,0,0.834,0,0,0,0,0.2
260.5,5.88753846,-0.892,0.892,0,0.892,0,0,0,0,0.2
261,5.44153846,-0.852,0.852,0,0.852,0,0,0,0,0.2
261.5,5.01553846,-1.34,1.34,0,1.34,0,0,0,0,0.2
262,4.34553846,-1.054,1.054,0,1.054,0,0,0,0,0.2
262.5,3.81853846,-0.954,0.954,0,0.954,0,0,0,0,0.2
263,3.34153846,-0.732,0.732,0,0.732,0,0,0,0,0.2
263.5,2.97553846,-0.622,0.622,0,0.622,0,0,0,0,0.2
264,2.66453846,-0.58,0.58,0,0.58,0,0,0,0,0.1
264.5,2.37453846,-0.446,0.446,0,0.446,0,0,0,0,0.1
265,2.15153846,-0.428,0.428,0,0.428,0,0,0,0,0.1
265.5,1.93753846,-0.452,0.452,0,0.452,0,0,0,0,0.1
266,1.71153846,-0.356,0.356,0,0.356,0,0,0,0,0.1
266.5,1.53353846,-0.36,0.36,0,0.36,0,0,0,0,0.1
267,1.35353846,-0.434,0.434,0,0.434,0,0,0,0,0.1
267.5,1.13653846,-0.574,0.574,0,0.574,0,0,0,0,0.1
268,0.849538462,-0.536,0.536,0,0.536,0,0,0,0,0.1
268.5,0.581538462,-0.33,0.33,0,0.33,0,0,0,0,0.1
269,0.416538462,-0.696,0.696,0,0.696,0,0,0,0,0.1
269.5,0.0685384615,-0.137076923,0.608,0,0.608,0.0461538462,0,0.0461538462,0.424769231,0.1
270,0,0,0.53,0,0.53,0,0,0,0.53,0.2
270.5,0,0,0.432,0,0.432,0.192307692,0,0.192307692,0.239692308,0.2
271,0,0,0.412,0,0.412,0.292307692,0,0.292307692,0.119692308,0.2
271.5,0,0,0.486,0,0.486,0.430769231,0,0.430769231,0.0552307692,0.2
272,0,0.0672307692,0.702,0,0.702,0.769230769,0,0.769230769,0,0.2
272.5,0.0336153846,0.171076923,0.552,0,0.552,0.723076923,0,0.723076923,0,0.2
273,0.119153846,0.443384615,0.372,0,0.372,0.815384615,0,0.815384615,0,0.2
273.5,0.340846154,0.637538462,0.424,0,0.424,1.06153846,0,1.06153846,0,0.2
274,0.659615385,0.335384615,0.48,0,0.48,0.815384615,0,0.815384615,0,0.2
274.5,0.827307692,-0.316461538,1.278,0,1.278,0.961538462,0,0.961538462,0,0.2
275,0.669076923,0.869846154,0.384,0,0.384,1.25384615,0,1.25384615,0,0.2
275.5,1.104,0.783692308,0.324,0,0.324,1.10769231,0,1.10769231,0,0.2
276,1.49584615,1.47107692,0.452,0,0.452,1.92307692,0,1.92307692,0,0.2
276.5,2.23138462,-0.143538462,0.482,0,0.482,0.338461538,0,0.338461538,0,0.2
277,2.15961538,-0.189692308,0.482,0,0.482,0.292307692,0,0.292307692,0,0.2
277.5,2.06476923,-0.174769231,0.944,0,0.944,0.769230769,0,0.769230769,0,0.2
278,1.97738462,-0.0706153846,0.986,0,0.986,0.915384615,0,0.915384615,0,0.2
278.5,1.94207692,0.951076923,0.972,0,0.972,1.92307692,0,1.92307692,0,0.2
279,2.41761538,1.10723077,0.962,0,0.962,2.06923077,0,2.06923077,0,0.2
279.5,2.97123077,0.608615385,0.976,0,0.976,1.58461538,0,1.58461538,0,0.2
280,3.27553846,-0.03,1.23,0,1.23,1.2,0,1.2,0,0.2
280.5,3.26053846,0.0975384615,0.964,0,0.964,1.06153846,0,1.06153846,0,0.2
281,3.30930769,-0.216461538,1.178,0,1.178,0.961538462,0,0.961538462,0,0.2
281.5,3.20107692,-0.551076923,1.228,0,1.228,0.676923077,0,0.676923077,0,0.2
282,2.92553846,-0.709230769,1.14,0,1.14,0.430769231,0,0.430769231,0,0.2
282.5,2.57092308,-0.227076923,0.904,0,0.904,0.676923077,0,0.676923077,0,0.2
283,2.45738462,-0.825846154,0.972,0,0.972,0.146153846,0,0.146153846,0,0.2
283.5,2.04446154,-0.877846154,0.924,0,0.924,0.0461538462,0,0.0461538462,0,0.2
284,1.60553846,-0.95,0.95,0,0.95,0,0,0,0,0.2
284.5,1.13053846,-0.976,0.976,0,0.976,0,0,0,0,0.2
285,0.642538462,-1.01,1.01,0,1.01,0,0,0,0,0.2
285.5,0.137538462,-0.275076923,0.858,0,0.858,0,0,0,0.582923077,0.2
286,0,0,1.024,0,1.024,0,0,0,1.024,0.2
286.5,0,0,0.952,0,0.952,0,0,0,0.952,0.2
287,0,0,0.626,0,0.626,0,0,0,0.626,0.2
287.5,0,0,0.592,0,0.592,0,0,0,0.592,0.2
288,0,0,0.468,0,0.468,0,0,0,0.468,0.1
288.5,0,0,0.504,0,0.504,0,0,0,0.504,0.1
289,0,0,0.394,0,0.394,0,0,0,0.394,0.1
289.5,0,0,0.314,0,0.314,0,0,0,0.314,0.1
290,0,0,0.352,0,0.352,0,0,0,0.352,0.1
290.5,0,0,0.35,0,0.35,0,0,0,0.35,0.1
291,0,0,0.472,0,0.472,0,0,0,0.472,0.1
291.5,0,0,0.438,0,0.438,0,0,0,0.438,0.1
292,0,0,0.416,0,0.416,0,0,0,0.416,0.1
292.5,0,0,0.404,0,0.404,0,0,0,0.404,0.1
293,0,0,0.332,0,0.332,0,0,0,0.332,0.1
293.5,0,0,0.336,0,0.336,0,0,0,0.336,0.1
294,0,0,0.372,0,0.372,0.0461538462,0,0.0461538462,0.325846154,0.2
294.5,0,0,0.62,0,0.62,0.0461538462,0,0.0461538462,0.573846154,0.2
295,0,0,0.494,0,0.494,0.146153846,0,0.146153846,0.347846154,0.2
295.5,0,0,0.504,0,0.504,0.292307692,0,0.292307692,0.211692308,0.2
296,0,0.0870769231,0.536,0,0.536,0.623076923,0,0.623076923,0,0.2
296.5,0.0435384615,0.445384615,0.47,0,0.47,0.915384615,0,0.915384615,0,0.2
297,0.266230769,0.940153846,0.406,0,0.406,1.34615385,0,1.34615385,0,0.2
297.5,0.736307692,1.31676923,0.414,0,0.414,1.73076923,0,1.73076923,0,0.2
298,1.39469231,1.51707692,0.506,0,0.506,2.02307692,0,2.02307692,0,0.2
298.5,2.15323077,1.92584615,0.428,0,0.428,2.35384615,0,2.35384615,0,0.2
299,3.11615385,1.856,0.744,0,0.744,2.6,0,2.6,0,0.2
299.5,4.04415385,1.936,0.664,0,0.664,2.6,0,2.6,0,0.2
300,5.01215385,0.876307692,0.616,0,0.616,1.49230769,0,1.49230769,0,0.2
300.5,5.45030769,-0.249692308,0.542,0,0.542,0.292307692,0,0.292307692,0,0.2
301,5.32546154,-0.83,0.83,0,0.83,0,0,0,0,0.2
301.5,4.91046154,-0.862,0.962,0,0.962,0.1,0,0.1,0,0.2
302,4.47946154,-0.647692308,0.94,0,0.94,0.292307692,0,0.292307692,0,0.2
302.5,4.15561538,-0.639384615,1.024,0,1.024,0.384615385,0,0.384615385,0,0.2
303,3.83592308,0.0556923077,0.952,0,0.952,1.00769231,0,1.00769231,0,0.2
303.5,3.86376923,-0.531230769,1.062,0,1.062,0.530769231,0,0.530769231,0,0.2
304,3.59815385,-0.461384615,0.846,0,0.846,0.384615385,0,0.384615385,0,0.2
304.5,3.36746154,-0.427230769,0.858,0,0.858,0.430769231,0,0.430769231,0,0.2
305,3.15384615,-0.188769231,0.958,0,0.958,0.769230769,0,0.769230769,0,0.2
305.5,3.05946154,-0.381076923,0.958,0,0.958,0.576923077,0,0.576923077,0,0.2
306,2.86892308,-0.703692308,0.996,0,0.996,0.292307692,0,0.292307692,0,0.2
306.5,2.51707692,-1.01784615,1.164,0,1.164,0.146153846,0,0.146153846,0,0.2
307,2.00815385,-1.13984615,1.186,0,1.186,0.0461538462,0,0.0461538462,0,0.2
307.5,1.43823077,-1.112,1.112,0,1.112,0,0,0,0,0.2
308,0.882230769,-1.01,1.01,0,1.01,0,0,0,0,0.2
308.5,0.377230769,-0.754461538,0.87,0,0.87,0,0,0,0.115538462,0.2
309,0,0,0.794,0,0.794,0,0,0,0.794,0.2
309.5,0,0,0.586,0,0.586,0,0,0,0.586,0.2
310,0,0,0.59,0,0.59,0,0,0,0.59,0.2
310.5,0,0,0.564,0,0.564,0,0,0,0.564,0.2
311,0,0,0.504,0,0.504,0,0,0,0.504,0.2
311.5,0,0,0.55,0,0.55,0,0,0,0.55,0.2
312,0,0,0.542,0,0.542,0,0,0,0.542,0.1
312.5,0,0,0.414,0,0.414,0,0,0,0.414,0.1
313,0,0,0.44,0,0.44,0,0,0,0.44,0.1
313.5,0,0,0.524,0,0.524,0,0,0,0.524,0.1
314,0,0,0.506,0,0.506,0.0461538462,0,0.0461538462,0.459846154,0.1
314.5,0,0,0.544,0,0.544,0,0,0,0.544,0.1
315,0,0,0.496,0,0.496,0,0,0,0.496,0.1
315.5,0,0,0.412,0,0.412,0,0,0,0.412,0.1
316,0,0,0.242,0,0.242,0,0,0,0.242,0.1
316.5,0,0,0.506,0,0.506,0,0,0,0.506,0.1
317,0,0,0.424,0,0.424,0,0,0,0.424,0.1
317.5,0,0,0.71,0,0.71,0,0,0,0.71,0.1
318,0,0,0.902,0,0.902,0,0,0,0.902,0.2
318.5,0,0,0.882,0,0.882,0,0,0,0.882,0.2
319,0,0,0.566,0,0.566,0,0,0,0.566,0.2
319.5,0,0,0.56,0,0.56,0.146153846,0,0.146153846,0.413846154,0.2
320,0,0,0.332,0,0.332,0.146153846,0,0.146153846,0.185846154,0.2
320.5,0,0,0.782,0,0.782,0.1,0,0.1,0.682,0.2
321,0,0,0.476,0,0.476,0.146153846,0,0.146153846,0.329846154,0.2
321.5,0,0,0.392,0,0.392,0.192307692,0,0.192307692,0.199692308,0.2
322,0,0,0.344,0,0.344,0.192307692,0,0.192307692,0.151692308,0.2
322.5,0,0,0.384,0,0.384,0.292307692,0,0.292307692,0.0916923077,0.2
323,0,0.387076923,0.336,0,0.336,0.723076923,0,0.723076923,0,0.2
323.5,0.193538462,0.305230769,0.464,0,0.464,0.769230769,0,0.769230769,0,0.2
324,0.346153846,0.245230769,0.624,0,0.624,0.869230769,0,0.869230769,0,0.2
324.5,0.468769231,0.371538462,0.59,0,0.59,0.961538462,0,0.961538462,0,0.2
325,0.654538462,0.629846154,0.524,0,0.524,1.15384615,0,1.15384615,0,0.2
325.5,0.969461538,0.155692308,0.852,0,0.852,1.00769231,0,1.00769231,0,0.2
326,1.04730769,-0.253384615,0.738,0,0.738,0.484615385,0,0.484615385,0,0.2
326.5,0.920615385,-0.395230769,0.926,0,0.926,0.530769231,0,0.530769231,0,0.2
327,0.723,-0.257384615,0.742,0,0.742,0.484615385,0,0.484615385,0,0.2
327.5,0.594307692,-0.493692308,0.786,0,0.786,0.292307692,0,0.292307692,0,0.2
328,0.347461538,-0.694923077,0.994,0,0.994,0.292307692,0,0.292307692,0.00676923077,0.2
328.5,0,0,1.008,0,1.008,0.292307692,0,0.292307692,0.715692308,0.2
329,0,0,1.066,0,1.066,0.192307692,0,0.192307692,0.873692308,0.2
329.5,0,0,1.158,0,1.158,0.238461538,0,0.238461538,0.919538462,0.2
330,0,0,1.134,0,1.134,0.238461538,0,0.238461538,0.895538462,0.2
330.5,0,0,1.188,0,1.188,0.146153846,0,0.146153846,1.04184615,0.2
331,0,0,1.04,0,1.04,0.146153846,0,0.146153846,0.893846154,0.2
331.5,0,0,1.116,0,1.116,0,0,0,1.116,0.2
332,0,0,1.006,0,1.006,0,0,0,1.006,0.2
332.5,0,0,1.118,0,1.118,0,0,0,1.118,0.2
333,0,0,1.032,0,1.032,0.0461538462,0,0.0461538462,0.985846154,0.2
333.5,0,0,1.072,0,1.072,0,0,0,1.072,0.2
334,0,0,0.824,0,0.824,0,0,0,0.824,0.2
334.5,0,0,0.77,0,0.77,0,0,0,0.77,0.2
335,0,0,0.746,0,0.746,0,0,0,0.746,0.2
335.5,0,0,0.48,0,0.48,0,0,0,0.48,0.2
336,0,0,0.428,0,0.428,0,0,0,0.428,0.1
336.5,0,0,0.71,0,0.71,0,0,0,0.71,0.1
337,0,0,0.402,0,0.402,0,0,0,0.402,0.1
337.5,0,0,0.44,0,0.44,0,0,0,0.44,0.1
338,0,0,0.378,0,0.378,0,0,0,0.378,0.1
338.5,0,0,0.43,0,0.43,0,0,0,0.43,0.1
339,0,0,0.284,0,0.284,0,0,0,0.284,0.1
339.5,0,0,0.49,0,0.49,0,0,0,0.49,0.1
340,0,0,0.352,0,0.352,0,0,0,0.352,0.1
340.5,0,0,0.434,0,0.434,0,0,0,0.434,0.1
341,0,0,0.282,0,0.282,0,0,0,0.282,0.1
341.5,0,0,0.42,0,0.42,0,0,0,0.42,0.1
342,0,0,0.812,0,0.812,0,0,0,0.812,0.2
342.5,0,0,0.532,0,0.532,0.1,0,0.1,0.432,0.2
343,0,0,0.504,0,0.504,0.192307692,0,0.192307692,0.311692308,0.2
343.5,0,0,0.482,0,0.482,0.292307692,0,0.292307692,0.189692308,0.2
344,0,0.0206153846,0.364,0,0.364,0.384615385,0,0.384615385,0,0.2
344.5,0.0103076923,0.469230769,0.3,0,0.3,0.769230769,0,0.769230769,0,0.2
345,0.244923077,0.443384615,0.472,0,0.472,0.915384615,0,0.915384615,0,0.2
345.5,0.466615385,0.713692308,0.394,0,0.394,1.10769231,0,1.10769231,0,0.2
346,0.823461538,0.623846154,0.63,0,0.63,1.25384615,0,1.25384615,0,0.2
346.5,1.13538462,0.906153846,0.54,0,0.54,1.44615385,0,1.44615385,0,0.2
347,1.58846154,1.44938462,0.666,0,0.666,2.11538462,0,2.11538462,0,0.2
347.5,2.31315385,1.43938462,0.676,0,0.676,2.11538462,0,2.11538462,0,0.2
348,3.03284615,1.78769231,0.52,0,0.52,2.30769231,0,2.30769231,0,0.2
348.5,3.92669231,1.19738462,2.218,0,2.218,3.41538462,0,3.41538462,0,0.2
349,4.52538462,0.877230769,1.192,0,1.192,2.06923077,0,2.06923077,0,0.2
349.5,4.964,1.41753846,0.744,0,0.744,2.16153846,0,2.16153846,0,0.2
350,5.67276923,-0.333692308,1.726,0,1.726,1.39230769,0,1.39230769,0,0.2
350.5,5.50592308,-0.357692308,1.85,0,1.85,1.49230769,0,1.49230769,0,0.2
351,5.32707692,1.49092308,1.586,0,1.586,3.07692308,0,3.07692308,0,0.2
351.5,6.07253846,1.31446154,1.524,0,1.524,2.83846154,0,2.83846154,0,0.2
352,6.72976923,1.692,0.908,0,0.908,2.6,0,2.6,0,0.2
352.5,7.57576923,0.792461538,0.846,0,0.846,1.63846154,0,1.63846154,0,0.2
353,7.972,0.056,0.82,0,0.82,1.77692308,0.900923077,0.876,0,0.2
353.5,8,0,0.88,0,0.88,1.44615385,0.566153846,0.88,0,0.2
354,8,-0.287076923,0.964,0,0.964,0.676923077,0,0.676923077,0,0.2
354.5,7.85646154,-0.631384615,1.016,0,1.016,0.384615385,0,0.384615385,0,0.2
355,7.54076923,-0.767846154,0.814,0,0.814,0.0461538462,0,0.0461538462,0,0.2
355.5,7.15684615,-0.849846154,0.896,0,0.896,0.0461538462,0,0.0461538462,0,0.2
356,6.73192308,-0.874,0.874,0,0.874,0,0,0,0,0.2
356.5,6.29492308,-0.844,0.844,0,0.844,0,0,0,0,0.2
357,5.87292308,-1.292,1.292,0,1.292,0,0,0,0,0.2
357.5,5.22692308,-1.466,1.466,0,1.466,0,0,0,0,0.2
358,4.49392308,-1.2,1.2,0,1.2,0,0,0,0,0.2
358.5,3.89392308,-0.674,0.674,0,0.674,0,0,0,0,0.2
359,3.55692308,-0.428,0.428,0,0.428,0,0,0,0,0.2
359.5,3.34292308,-0.408,0.408,0,0.408,0,0,0,0,0.2
360,3.13892308,-0.586,0.586,0,0.586,0,0,0,0,0.1
360.5,2.84592308,-0.404,0.404,0,0.404,0,0,0,0,0.1
361,2.64392308,-0.574,0.574,0,0.574,0,0,0,0,0.1
361.5,2.35692308,-0.424,0.424,0,0.424,0,0,0,0,0.1
362,2.14492308,-0.622,0.622,0,0.622,0,0,0,0,0.1
362.5,1.83392308,-0.384,0.384,0,0.384,0,0,0,0,0.1
363,1.64192308,-0.524,0.524,0,0.524,0,0,0,0,0.1
363.5,1.37992308,-0.322,0.322,0,0.322,0,0,0,0,0.1
364,1.21892308,-0.342,0.342,0,0.342,0,0,0,0,0.1
364.5,1.04792308,-0.416,0.416,0,0.416,0,0,0,0,0.1
365,0.839923077,-0.322,0.322,0,0.322,0,0,0,0,0.1
365.5,0.678923077,-0.342,0.342,0,0.342,0,0,0,0,0.1
366,0.507923077,-0.707846154,0.754,0,0.754,0.0461538462,0,0.0461538462,0,0.2
366.5,0.154,-0.308,0.728,0,0.728,0.0461538462,0,0.0461538462,0.373846154,0.2
367,0,0,0.494,0,0.494,0.192307692,0,0.192307692,0.301692308,0.2
367.5,0,0,1.21,0,1.21,0.384615385,0,0.384615385,0.825384615,0.2
368,0,0,0.556,0,0.556,0.530769231,0,0.530769231,0.0252307692,0.2
368.5,0,0.282923077,0.394,0,0.394,0.676923077,0,0.676923077,0,0.2
369,0.141461538,0.823846154,0.33,0,0.33,1.15384615,0,1.15384615,0,0.2
369.5,0.553384615,0.617692308,0.39,0,0.39,1.00769231,0,1.00769231,0,0.2
370,0.862230769,0.527384615,0.388,0,0.388,0.915384615,0,0.915384615,0,0.2
370.5,1.12592308,0.329538462,0.632,0,0.632,0.961538462,0,0.961538462,0,0.2
371,1.29069231,1.20461538,0.48,0,0.48,1.68461538,0,1.68461538,0,0.2
371.5,1.893,0.460923077,1.316,0,1.316,1.77692308,0,1.77692308,0,0.2
372,2.12346154,1.50630769,1.286,0,1.286,2.79230769,0,2.79230769,0,0.2
372.5,2.87661538,1.34769231,0.96,0,0.96,2.30769231,0,2.30769231,0,0.2
373,3.55046154,1.25938462,0.856,0,0.856,2.11538462,0,2.11538462,0,0.2
373.5,4.18015385,1.33353846,0.828,0,0.828,2.16153846,0,2.16153846,0,0.2
374,4.84692308,1.41169231,0.896,0,0.896,2.30769231,0,2.30769231,0,0.2
374.5,5.55276923,2.15076923,0.78,0,0.78,2.93076923,0,2.93076923,0,0.2
375,6.62815385,2.37107692,0.752,0,0.752,3.12307692,0,3.12307692,0,0.2
375.5,7.81369231,0.372615385,0.676,0,0.676,2.69230769,1.64369231,1.04861538,0,0.2
376,8,0,0.996,0,0.996,2.06923077,1.07323077,0.996,0,0.2
376.5,8,0,0.7,0,0.7,1.49230769,0.792307692,0.7,0,0.2
377,8,0,1.018,0,1.018,1.2,0.182,1.018,0,0.2
377.5,8,-0.371230769,0.902,0,0.902,0.530769231,0,0.530769231,0,0.2
378,7.81438462,-0.957538462,1.296,0,1.296,0.338461538,0,0.338461538,0,0.2
378.5,7.33561538,-1.15769231,1.35,0,1.35,0.192307692,0,0.192307692,0,0.2
379,6.75676923,-1.26,1.36,0,1.36,0.1,0,0.1,0,0.2
379.5,6.12676923,-1.372,1.372,0,1.372,0,0,0,0,0.2
380,5.44076923,-0.936,0.936,0,0.936,0,0,0,0,0.2
380.5,4.97276923,-0.95,0.95,0,0.95,0,0,0,0,0.2
381,4.49776923,-1.06,1.06,0,1.06,0,0,0,0,0.2
381.5,3.96776923,-0.954,0.954,0,0.954,0,0,0,0,0.2
382,3.49076923,-0.936,0.936,0,0.936,0,0,0,0,0.2
382.5,3.02276923,-0.82,0.82,0,0.82,0,0,0,0,0.2
383,2.61276923,-0.552,0.552,0,0.552,0,0,0,0,0.2
383.5,2.33676923,-0.443846154,0.49,0,0.49,0.0461538462,0,0.0461538462,0,0.2
384,2.11484615,-0.538,0.538,0,0.538,0,0,0,0,0.1
384.5,1.84584615,-0.62,0.62,0,0.62,0,0,0,0,0.1
385,1.53584615,-0.51,0.51,0,0.51,0,0,0,0,0.1
385.5,1.28084615,-0.49,0.49,0,0.49,0,0,0,0,0.1
386,1.03584615,-0.612,0.612,0,0.612,0,0,0,0,0.1
386.5,0.729846154,-0.398,0.398,0,0.398,0,0,0,0,0.1
387,0.530846154,-0.366,0.366,0,0.366,0,0,0,0,0.1
387.5,0.347846154,-0.352,0.352,0,0.352,0,0,0,0,0.1
388,0.171846154,-0.334,0.334,0,0.334,0,0,0,0,0.1
388.5,0.00484615385,-0.00969230769,0.43,0,0.43,0,0,0,0.420307692,0.1
389,0,0,0.342,0,0.342,0,0,0,0.342,0.1
389.5,0,0,0.54,0,0.54,0,0,0,0.54,0.1
390,0,0,0.816,0,0.816,0.1,0,0.1,0.716,0.2
390.5,0,0,0.516,0,0.516,0.238461538,0,0.238461538,0.277538462,0.2
391,0,0,0.462,0,0.462,0.338461538,0,0.338461538,0.123538462,0.2
391.5,0,0.0784615385,0.26,0,0.26,0.338461538,0,0.338461538,0,0.2
392,0.0392307692,0.162923077,0.414,0,0.414,0.576923077,0,0.576923077,0,0.2
392.5,0.120692308,0.405384615,0.41,0,0.41,0.815384615,0,0.815384615,0,0.2
393,0.323384615,1.05430769,0.338,0,0.338,1.39230769,0,1.39230769,0,0.2
393.5,0.850538462,1.75938462,0.456,0,0.456,2.21538462,0,2.21538462,0,0.2
394,1.73023077,1.82938462,0.386,0,0.386,2.21538462,0,2.21538462,0,0.2
394.5,2.64492308,1.44323077,0.526,0,0.526,1.96923077,0,1.96923077,0,0.2
395,3.36653846,2.26046154,0.478,0,0.478,2.73846154,0,2.73846154,0,0.2
395.5,4.49676923,2.79892308,0.378,0,0.378,3.17692308,0,3.17692308,0,0.2
396,5.89623077,2.34446154,0.394,0,0.394,2.73846154,0,2.73846154,0,0.2
396.5,7.06846154,1.86307692,0.968,0,0.968,3.07692308,0.245846154,2.83107692,0,0.2
397,8,0,0.83,0,0.83,2.64615385,1.81615385,0.83,0,0.2
397.5,8,0,0.836,0,0.836,3.03076923,2.19476923,0.836,0,0.2
398,8,0,0.964,0,0.964,2.6,1.636,0.964,0,0.2
398.5,8,0,0.892,0,0.892,3.03076923,2.13876923,0.892,0,0.2
399,8,0,0.776,0,0.776,2.98461538,2.20861538,0.776,0,0.2
399.5,8,0,0.786,0,0.786,2.79230769,2.00630769,0.786,0,0.2
400,8,0,1.076,0,1.076,2.21538462,1.13938462,1.076,0,0.2
400.5,8,0,1.612,0,1.612,2.26153846,0.649538462,1.612,0,0.2
401,8,0,1.192,0,1.192,1.96923077,0.777230769,1.192,0,0.2
401.5,8,0,1.242,0,1.242,1.58461538,0.342615385,1.242,0,0.2
402,8,-0.146153846,1.3,0,1.3,1.15384615,0,1.15384615,0,0.2
402.5,7.92692308,0.146153846,0.414,0,0.414,0.723076923,0.162923077,0.560153846,0,0.2
403,8,-0.251692308,0.544,0,0.544,0.292307692,0,0.292307692,0,0.2
403.5,7.87415385,-0.501846154,0.548,0,0.548,0.0461538462,0,0.0461538462,0,0.2
404,7.62323077,-0.488,0.488,0,0.488,0,0,0,0,0.2
404.5,7.37923077,-0.432,0.432,0,0.432,0,0,0,0,0.2
405,7.16323077,-0.664,0.664,0,0.664,0,0,0,0,0.2
405.5,6.83123077,-0.726,0.726,0,0.726,0,0,0,0,0.2
406,6.46823077,-0.384,0.384,0,0.384,0,0,0,0,0.2
406.5,6.27623077,-0.346,0.346,0,0.346,0,0,0,0,0.2
407,6.10323077,-0.866,0.866,0,0.866,0,0,0,0,0.2
407.5,5.67023077,-0.472,0.472,0,0.472,0,0,0,0,0.2
408,5.43423077,-0.672,0.672,0,0.672,0,0,0,0,0.1
408.5,5.09823077,-0.56,0.56,0,0.56,0,0,0,0,0.1
409,4.81823077,-0.664,0.664,0,0.664,0,0,0,0,0.1
409.5,4.48623077,-0.674,0.674,0,0.674,0,0,0,0,0.1
410,4.14923077,-0.424,0.424,0,0.424,0,0,0,0,0.1
410.5,3.93723077,-0.442,0.442,0,0.442,0,0,0,0,0.1
411,3.71623077,-0.298,0.298,0,0.298,0,0,0,0,0.1
411.5,3.56723077,-0.464,0.464,0,0.464,0,0,0,0,0.1
412,3.33523077,-0.36,0.36,0,0.36,0,0,0,0,0.1
412.5,3.15523077,-0.41,0.41,0,0.41,0,0,0,0,0.1
413,2.95023077,-0.382,0.382,0,0.382,0,0,0,0,0.1
413.5,2.75923077,-0.692,0.692,0,0.692,0,0,0,0,0.1
414,2.41323077,-0.631846154,0.778,0,0.778,0.146153846,0,0.146153846,0,0.2
414.5,2.09730769,-0.193846154,0.34,0,0.34,0.146153846,0,0.146153846,0,0.2
415,2.00038462,-0.303846154,0.45,0,0.45,0.146153846,0,0.146153846,0,0.2
415.5,1.84846154,-0.187538462,0.426,0,0.426,0.238461538,0,0.238461538,0,0.2
416,1.75469231,0.353384615,0.462,0,0.462,0.815384615,0,0.815384615,0,0.2
416.5,1.93138462,0.329230769,0.44,0,0.44,0.769230769,0,0.769230769,0,0.2
417,2.096,0.170769231,0.36,0,0.36,0.530769231,0,0.530769231,0,0.2
417.5,2.18138462,-0.179692308,0.472,0,0.472,0.292307692,0,0.292307692,0,0.2
418,2.09153846,0.254769231,0.276,0,0.276,0.530769231,0,0.530769231,0,0.2
418.5,2.21892308,0.151076923,0.472,0,0.472,0.623076923,0,0.623076923,0,0.2
419,2.29446154,0.213230769,0.556,0,0.556,0.769230769,0,0.769230769,0,0.2
419.5,2.40107692,0.0389230769,0.538,0,0.538,0.576923077,0,0.576923077,0,0.2
420,2.42053846,0.733538462,0.228,0,0.228,0.961538462,0,0.961538462,0,0.2
420.5,2.78730769,0.725846154,0.428,0,0.428,1.15384615,0,1.15384615,0,0.2
421,3.15023077,-0.372153846,1.626,0,1.626,1.25384615,0,1.25384615,0,0.2
421.5,2.96415385,-0.191846154,1.538,0,1.538,1.34615385,0,1.34615385,0,0.2
422,2.86823077,0.908923077,0.868,0,0.868,1.77692308,0,1.77692308,0,0.2
422.5,3.32269231,2.24507692,0.878,0,0.878,3.12307692,0,3.12307692,0,0.2
423,4.44523077,0.992769231,0.738,0,0.738,1.73076923,0,1.73076923,0,0.2
423.5,4.94161538,1.20138462,0.914,0,0.914,2.11538462,0,2.11538462,0,0.2
424,5.54230769,1.17153846,0.99,0,0.99,2.16153846,0,2.16153846,0,0.2
424.5,6.12807692,0.536153846,0.81,0,0.81,1.34615385,0,1.34615385,0,0.2
425,6.39615385,-0.148769231,0.918,0,0.918,0.769230769,0,0.769230769,0,0.2
425.5,6.32176923,-0.331076923,1.008,0,1.008,0.676923077,0,0.676923077,0,0.2
426,6.15623077,-0.551230769,1.082,0,1.082,0.530769231,0,0.530769231,0,0.2
426.5,5.88061538,-0.661538462,1,0,1,0.338461538,0,0.338461538,0,0.2
427,5.54984615,-1.15784615,1.304,0,1.304,0.146153846,0,0.146153846,0,0.2
427.5,4.97092308,-1.02,1.02,0,1.02,0,0,0,0,0.2
428,4.46092308,-1.026,1.026,0,1.026,0,0,0,0,0.2
428.5,3.94792308,-1.024,1.024,0,1.024,0,0,0,0,0.2
429,3.43592308,-0.955846154,1.002,0,1.002,0.0461538462,0,0.0461538462,0,0.2
429.5,2.958,-1.05,1.05,0,1.05,0,0,0,0,0.2
430,2.433,-1.052,1.052,0,1.052,0,0,0,0,0.2
430.5,1.907,-0.938,0.938,0,0.938,0,0,0,0,0.2
431,1.438,-0.554,0.554,0,0.554,0,0,0,0,0.2
431.5,1.161,-0.476,0.476,0,0.476,0,0,0,0,0.2
432,0.923,-0.456,0.456,0,0.456,0,0,0,0,0.1
432.5,0.695,-0.502,0.502,0,0.502,0,0,0,0,0.1
433,0.444,-0.5,0.5,0,0.5,0,0,0,0,0.1
433.5,0.194,-0.388,0.552,0,0.552,0,0,0,0.164,0.1
434,0,0,0.422,0,0.422,0,0,0,0.422,0.1
434.5,0,0,0.494,0,0.494,0,0,0,0.494,0.1
435,0,0,0.38,0,0.38,0,0,0,0.38,0.1
435.5,0,0,0.36,0,0.36,0,0,0,0.36,0.1
436,0,0,0.332,0,0.332,0,0,0,0.332,0.1
436.5,0,0,0.412,0,0.412,0,0,0,0.412,0.1
437,0,0,0.38,0,0.38,0,0,0,0.38,0.1
437.5,0,0,0.44,0,0.44,0,0,0,0.44,0.1
438,0,0,0.384,0,0.384,0.0461538462,0,0.0461538462,0.337846154,0.2
438.5,0,0,0.334,0,0.334,0.192307692,0,0.192307692,0.141692308,0.2
439,0,0.0286153846,0.356,0,0.356,0.384615385,0,0.384615385,0,0.2
439.5,0.0143076923,-0.0286153846,0.576,0,0.576,0.530769231,0,0.530769231,0.0166153846,0.2
440,0,0.329384615,0.486,0,0.486,0.815384615,0,0.815384615,0,0.2
440.5,0.164692308,0.762307692,0.63,0,0.63,1.39230769,0,1.39230769,0,0.2
441,0.545846154,1.11230769,0.38,0,0.38,1.49230769,0,1.49230769,0,0.2
441.5,1.102,0.239076923,0.484,0,0.484,0.723076923,0,0.723076923,0,0.2
442,1.22153846,0.380923077,0.296,0,0.296,0.676923077,0,0.676923077,0,0.2
442.5,1.412,0.0269230769,0.55,0,0.55,0.576923077,0,0.576923077,0,0.2
443,1.42546154,0.538,0.662,0,0.662,1.2,0,1.2,0,0.2
443.5,1.69446154,1.10353846,1.058,0,1.058,2.16153846,0,2.16153846,0,0.2
444,2.24623077,1.748,0.852,0,0.852,2.6,0,2.6,0,0.2
444.5,3.12023077,1.12969231,1.278,0,1.278,2.40769231,0,2.40769231,0,0.2
445,3.68507692,1.18153846,0.98,0,0.98,2.16153846,0,2.16153846,0,0.2
445.5,4.27584615,2.51938462,0.796,0,0.796,3.31538462,0,3.31538462,0,0.2
446,5.53553846,2.25692308,0.92,0,0.92,3.17692308,0,3.17692308,0,0.2
446.5,6.664,2.24307692,0.88,0,0.88,3.12307692,0,3.12307692,0,0.2
447,7.78553846,0.428923077,0.966,0,0.966,2.73846154,1.34353846,1.39492308,0,0.2
447.5,8,0,0.822,0,0.822,2.83846154,2.01646154,0.822,0,0.2
448,8,0,0.956,0,0.956,2.54615385,1.59015385,0.956,0,0.2
448.5,8,0,1.586,0,1.586,2.26153846,0.675538462,1.586,0,0.2
449,8,0,1.002,0,1.002,1.92307692,0.921076923,1.002,0,0.2
449.5,8,0,0.948,0,0.948,1.63846154,0.690461538,0.948,0,0.2
450,8,0,0.842,0,0.842,1.10769231,0.265692308,0.842,0,0.2
450.5,8,-0.159076923,0.836,0,0.836,0.676923077,0,0.676923077,0,0.2
451,7.92046154,-0.605538462,0.844,0,0.844,0.238461538,0,0.238461538,0,0.2
451.5,7.61769231,-0.937846154,0.984,0,0.984,0.0461538462,0,0.0461538462,0,0.2
452,7.14876923,-1.128,1.128,0,1.128,0,0,0,0,0.2
452.5,6.58476923,-1.038,1.038,0,1.038,0,0,0,0,0.2
453,6.06576923,-0.884,0.884,0,0.884,0,0,0,0,0.2
453.5,5.62376923,-0.844,0.844,0,0.844,0,0,0,0,0.2
454,5.20176923,-0.59,0.59,0,0.59,0,0,0,0,0.2
454.5,4.90676923,-0.382,0.382,0,0.382,0,0,0,0,0.2
455,4.71576923,-0.424,0.424,0,0.424,0,0,0,0,0.2
455.5,4.50376923,-0.44,0.44,0,0.44,0,0,0,0,0.2
456,4.28376923,-0.51,0.51,0,0.51,0,0,0,0,0.1
456.5,4.02876923,-0.538,0.538,0,0.538,0,0,0,0,0.1
457,3.75976923,-0.448,0.448,0,0.448,0,0,0,0,0.1
457.5,3.53576923,-0.404,0.404,0,0.404,0,0,0,0,0.1
458,3.33376923,-0.454,0.454,0,0.454,0,0,0,0,0.1
458.5,3.10676923,-0.41,0.41,0,0.41,0,0,0,0,0.1
459,2.90176923,-0.352,0.352,0,0.352,0,0,0,0,0.1
459.5,2.72576923,-0.4,0.4,0,0.4,0,0,0,0,0.1
460,2.52576923,-0.359846154,0.406,0,0.406,0.0461538462,0,0.0461538462,0,0.1
460.5,2.34584615,-0.326,0.326,0,0.326,0,0,0,0,0.1
461,2.18284615,-0.332,0.332,0,0.332,0,0,0,0,0.1
461.5,2.01684615,-0.38,0.38,0,0.38,0,0,0,0,0.1
462,1.82684615,-0.354,0.354,0,0.354,0,0,0,0,0.2
462.5,1.64984615,-0.477692308,0.67,0,0.67,0.192307692,0,0.192307692,0,0.2
463,1.411,-0.637692308,0.93,0,0.93,0.292307692,0,0.292307692,0,0.2
463.5,1.09215385,-0.235384615,0.72,0,0.72,0.484615385,0,0.484615385,0,0.2
464,0.974461538,0.0629230769,0.614,0,0.614,0.676923077,0,0.676923077,0,0.2
464.5,1.00592308,0.00307692308,0.72,0,0.72,0.723076923,0,0.723076923,0,0.2
465,1.00746154,-0.286923077,0.91,0,0.91,0.623076923,0,0.623076923,0,0.2
465.5,0.864,0.257692308,0.75,0,0.75,1.00769231,0,1.00769231,0,0.2
466,0.992846154,0.512,0.788,0,0.788,1.3,0,1.3,0,0.2
466.5,1.24884615,0.378,0.922,0,0.922,1.3,0,1.3,0,0.2
467,1.43784615,1.13938462,0.976,0,0.976,2.11538462,0,2.11538462,0,0.2
467.5,2.00753846,1.79569231,0.612,0,0.612,2.40769231,0,2.40769231,0,0.2
468,2.90538462,1.52984615,0.924,0,0.924,2.45384615,0,2.45384615,0,0.2
468.5,3.67030769,1.75984615,0.694,0,0.694,2.45384615,0,2.45384615,0,0.2
469,4.55023077,1.91430769,0.778,0,0.778,2.69230769,0,2.69230769,0,0.2
469.5,5.50738462,1.09784615,1.256,0,1.256,2.35384615,0,2.35384615,0,0.2
470,6.05630769,0.388307692,1.004,0,1.004,1.39230769,0,1.39230769,0,0.2
470.5,6.25046154,0.419076923,1.504,0,1.504,1.92307692,0,1.92307692,0,0.2
471,6.46,1.12369231,1.184,0,1.184,2.30769231,0,2.30769231,0,0.2
471.5,7.02184615,0.464153846,0.982,0,0.982,1.44615385,0,1.44615385,0,0.2
472,7.25392308,0.240307692,1.152,0,1.152,1.39230769,0,1.39230769,0,0.2
472.5,7.37407692,-0.0403076923,1.048,0,1.048,1.00769231,0,1.00769231,0,0.2
473,7.35392308,-0.170769231,1.04,0,1.04,0.869230769,0,0.869230769,0,0.2
473.5,7.26853846,-0.563230769,1.094,0,1.094,0.530769231,0,0.530769231,0,0.2
474,6.98692308,-0.539384615,1.024,0,1.024,0.484615385,0,0.484615385,0,0.2
474.5,6.71723077,-0.743538462,1.082,0,1.082,0.338461538,0,0.338461538,0,0.2
475,6.34546154,-0.849846154,0.996,0,0.996,0.146153846,0,0.146153846,0,0.2
475.5,5.92053846,-1.128,1.128,0,1.128,0,0,0,0,0.2
476,5.35653846,-1.06784615,1.114,0,1.114,0.0461538462,0,0.0461538462,0,0.2
476.5,4.82261538,-1.41,1.41,0,1.41,0,0,0,0,0.2
477,4.11761538,-1.256,1.256,0,1.256,0,0,0,0,0.2
477.5,3.48961538,-1.188,1.188,0,1.188,0,0,0,0,0.2
478,2.89561538,-0.554,0.554,0,0.554,0,0,0,0,0.2
478.5,2.61861538,-0.55,0.55,0,0.55,0,0,0,0,0.2
479,2.34361538,-0.412,0.412,0,0.412,0,0,0,0,0.2
479.5,2.13761538,-0.426,0.426,0,0.426,0,0,0,0,0.2
480,1.92461538,-0.466,0.466,0,0.466,0,0,0,0,0.1
480.5,1.69161538,-0.49,0.49,0,0.49,0,0,0,0,0.1
481,1.44661538,-0.42,0.42,0,0.42,0,0,0,0,0.1
481.5,1.23661538,-0.514,0.514,0,0.514,0,0,0,0,0.1
482,0.979615385,-0.468,0.468,0,0.468,0,0,0,0,0.1
482.5,0.745615385,-0.568,0.568,0,0.568,0,0,0,0,0.1
483,0.461615385,-0.426,0.426,0,0.426,0,0,0,0,0.1
483.5,0.248615385,-0.352,0.352,0,0.352,0,0,0,0,0.1
484,0.0726153846,-0.145230769,0.366,0,0.366,0,0,0,0.220769231,0.1
484.5,0,0,0.374,0,0.374,0,0,0,0.374,0.1
485,0,0,0.346,0,0.346,0,0,0,0.346,0.1
485.5,0,0,0.384,0,0.384,0,0,0,0.384,0.1
486,0,0,0.658,0,0.658,0,0,0,0.658,0.2
486.5,0,0,0.732,0,0.732,0,0,0,0.732,0.2
487,0,0,0.518,0,0.518,0.192307692,0,0.192307692,0.325692308,0.2
487.5,0,0,0.474,0,0.474,0.1,0,0.1,0.374,0.2
488,0,0,0.818,0,0.818,0.146153846,0,0.146153846,0.671846154,0.2
488.5,0,0,0.708,0,0.708,0.238461538,0,0.238461538,0.469538462,0.2
489,0,0,0.678,0,0.678,0.292307692,0,0.292307692,0.385692308,0.2
489.5,0,0.764307692,0.728,0,0.728,1.49230769,0,1.49230769,0,0.2
490,0.382153846,0.405692308,0.602,0,0.602,1.00769231,0,1.00769231,0,0.2
490.5,0.585,-0.209384615,0.594,0,0.594,0.384615385,0,0.384615385,0,0.2
491,0.480307692,-0.349692308,0.642,0,0.642,0.292307692,0,0.292307692,0,0.2
491.5,0.305461538,-0.610923077,1.306,0,1.306,0.338461538,0,0.338461538,0.356615385,0.2
492,0,0,1.622,0,1.622,0.915384615,0,0.915384615,0.706615385,0.2
492.5,0,0,0.948,0,0.948,0.576923077,0,0.576923077,0.371076923,0.2
493,0,0.446153846,0.9,0,0.9,1.34615385,0,1.34615385,0,0.2
493.5,0.223076923,0.382153846,1.064,0,1.064,1.44615385,0,1.44615385,0,0.2
494,0.414153846,0.452153846,0.894,0,0.894,1.34615385,0,1.34615385,0,0.2
494.5,0.640230769,1.15753846,1.004,0,1.004,2.16153846,0,2.16153846,0,0.2
495,1.219,1.35984615,0.994,0,0.994,2.35384615,0,2.35384615,0,0.2
495.5,1.89892308,-0.0246153846,0.84,0,0.84,0.815384615,0,0.815384615,0,0.2
496,1.88661538,-0.471692308,0.664,0,0.664,0.192307692,0,0.192307692,0,0.2
496.5,1.65076923,-0.917692308,1.21,0,1.21,0.292307692,0,0.292307692,0,0.2
497,1.19192308,-1.52,1.62,0,1.62,0.1,0,0.1,0,0.2
497.5,0.431923077,-0.863846154,1.466,0,1.466,0,0,0,0.602153846,0.2
498,0,0,2.384,0,2.384,0,0,0,2.384,0.2
498.5,0,0,2.584,0,2.584,0,0,0,2.584,0.2
499,0,0,1.438,0,1.438,0,0,0,1.438,0.2
499.5,0,0,0.798,0,0.798,0,0,0,0.798,0.2
500,0,0,1.198,0,1.198,0,0,0,1.198,0.2
500.5,0,0,1.212,0,1.212,0.0461538462,0,0.0461538462,1.16584615,0.2
501,0,0,1.052,0,1.052,0,0,0,1.052,0.2
501.5,0,0,0.886,0,0.886,0,0,0,0.886,0.2
502,0,0,0.894,0,0.894,0,0,0,0.894,0.2
502.5,0,0,1.644,0,1.644,0,0,0,1.644,0.2
503,0,0,1.276,0,1.276,0,0,0,1.276,0.2
503.5,0,0,0.552,0,0.552,0,0,0,0.552,0.2
504,0,0,0.436,0,0.436,0,0,0,0.436,0.1
504.5,0,0,0.432,0,0.432,0,0,0,0.432,0.1
505,0,0,0.488,0,0.488,0,0,0,0.488,0.1
505.5,0,0,0.53,0,0.53,0,0,0,0.53,0.1
506,0,0,0.522,0,0.522,0,0,0,0.522,0.1
506.5,0,0,0.444,0,0.444,0,0,0,0.444,0.1
507,0,0,0.492,0,0.492,0,0,0,0.492,0.1
507.5,0,0,0.48,0,0.48,0,0,0,0.48,0.1
508,0,0,0.454,0,0.454,0,0,0,0.454,0.1
508.5,0,0,0.352,0,0.352,0,0,0,0.352,0.1
509,0,0,0.346,0,0.346,0,0,0,0.346,0.1
509.5,0,0,0.628,0,0.628,0,0,0,0.628,0.1
510,0,0,0.36,0,0.36,0.0461538462,0,0.0461538462,0.313846154,0.2
510.5,0,0,0.336,0,0.336,0.0461538462,0,0.0461538462,0.289846154,0.2
511,0,0,0.656,0,0.656,0.1,0,0.1,0.556,0.2
511.5,0,0,0.906,0,0.906,0.192307692,0,0.192307692,0.713692308,0.2
512,0,0,0.52,0,0.52,0.292307692,0,0.292307692,0.227692308,0.2
512.5,0,0,0.646,0,0.646,0.238461538,0,0.238461538,0.407538462,0.2
513,0,0,0.596,0,0.596,0.338461538,0,0.338461538,0.257538462,0.2
513.5,0,0.251230769,0.618,0,0.618,0.869230769,0,0.869230769,0,0.2
514,0.125615385,0.740307692,0.652,0,0.652,1.39230769,0,1.39230769,0,0.2
514.5,0.495769231,-0.412923077,1.036,0,1.036,0.623076923,0,0.623076923,0,0.2
515,0.289307692,-0.349384615,0.834,0,0.834,0.484615385,0,0.484615385,0,0.2
515.5,0.114615385,0.281076923,0.442,0,0.442,0.723076923,0,0.723076923,0,0.2
516,0.255153846,0.474,0.726,0,0.726,1.2,0,1.2,0,0.2
516.5,0.492153846,1.39953846,0.862,0,0.862,2.26153846,0,2.26153846,0,0.2
517,1.19192308,2.30107692,0.822,0,0.822,3.12307692,0,3.12307692,0,0.2
517.5,2.34246154,0.952923077,0.824,0,0.824,1.77692308,0,1.77692308,0,0.2
518,2.81892308,1.00753846,1.154,0,1.154,2.16153846,0,2.16153846,0,0.2
518.5,3.32269231,1.41553846,0.846,0,0.846,2.26153846,0,2.26153846,0,0.2
519,4.03046154,1.22538462,0.99,0,0.99,2.21538462,0,2.21538462,0,0.2
519.5,4.64315385,1.50584615,0.848,0,0.848,2.35384615,0,2.35384615,0,0.2
520,5.39607692,1.592,0.908,0,0.908,2.5,0,2.5,0,0.2
520.5,6.19207692,1.48984615,0.864,0,0.864,2.35384615,0,2.35384615,0,0.2
521,6.937,0.951076923,1.072,0,1.072,2.02307692,0,2.02307692,0,0.2
521.5,7.41253846,0.586923077,1.19,0,1.19,1.77692308,0,1.77692308,0,0.2
522,7.706,0.179846154,1.074,0,1.074,1.25384615,0,1.25384615,0,0.2
522.5,7.79592308,-0.325076923,0.902,0,0.902,0.576923077,0,0.576923077,0,0.2
523,7.63338462,-0.865846154,1.012,0,1.012,0.146153846,0,0.146153846,0,0.2
523.5,7.20046154,-0.916,0.916,0,0.916,0,0,0,0,0.2
524,6.74246154,-1,1,0,1,0,0,0,0,0.2
524.5,6.24246154,-0.943846154,0.99,0,0.99,0.0461538462,0,0.0461538462,0,0.2
525,5.77053846,-1.038,1.038,0,1.038,0,0,0,0,0.2
525.5,5.25153846,-0.99,0.99,0,0.99,0,0,0,0,0.2
526,4.75653846,-0.94,0.94,0,0.94,0,0,0,0,0.2
526.5,4.28653846,-0.914,0.914,0,0.914,0,0,0,0,0.2
527,3.82953846,-0.908,0.908,0,0.908,0,0,0,0,0.2
527.5,3.37553846,-0.618,0.618,0,0.618,0,0,0,0,0.2
528,3.06653846,-0.42,0.42,0,0.42,0,0,0,0,0.1
528.5,2.85653846,-0.396,0.396,0,0.396,0,0,0,0,0.1
529,2.65853846,-0.514,0.514,0,0.514,0,0,0,0,0.1
529.5,2.40153846,-0.442,0.442,0,0.442,0,0,0,0,0.1
530,2.18053846,-0.386,0.386,0,0.386,0,0,0,0,0.1
530.5,1.98753846,-0.474,0.474,0,0.474,0,0,0,0,0.1
531,1.75053846,-0.43,0.43,0,0.43,0,0,0,0,0.1
531.5,1.53553846,-0.344,0.344,0,0.344,0,0,0,0,0.1
532,1.36353846,-0.356,0.356,0,0.356,0,0,0,0,0.1
532.5,1.18553846,-0.62,0.62,0,0.62,0,0,0,0,0.1
533,0.875538462,-0.508,0.508,0,0.508,0,0,0,0,0.1
533.5,0.621538462,-0.638,0.638,0,0.638,0,0,0,0,0.1
534,0.302538462,-0.605076923,0.756,0,0.756,0,0,0,0.150923077,0.2
534.5,0,0,0.794,0,0.794,0.1,0,0.1,0.694,0.2
535,0,0,0.7,0,0.7,0.1,0,0.1,0.6,0.2
535.5,0,0,0.48,0,0.48,0.292307692,0,0.292307692,0.187692308,0.2
536,0,0,0.736,0,0.736,0.384615385,0,0.384615385,0.351384615,0.2
536.5,0,0.311230769,0.458,0,0.458,0.769230769,0,0.769230769,0,0.2
537,0.155615385,0.511538462,0.55,0,0.55,1.06153846,0,1.06153846,0,0.2
537.5,0.411384615,1.10646154,0.432,0,0.432,1.53846154,0,1.53846154,0,0.2
538,0.964615385,1.30876923,0.522,0,0.522,1.83076923,0,1.83076923,0,0.2
538.5,1.619,2.112,0.488,0,0.488,2.6,0,2.6,0,0.2
539,2.675,2.076,0.524,0,0.524,2.6,0,2.6,0,0.2
539.5,3.713,2.142,0.458,0,0.458,2.6,0,2.6,0,0.2
540,4.784,2.50907692,0.614,0,0.614,3.12307692,0,3.12307692,0,0.2
540.5,6.03853846,1.05723077,0.912,0,0.912,1.96923077,0,1.96923077,0,0.2
541,6.56715385,0.145538462,0.916,0,0.916,1.06153846,0,1.06153846,0,0.2
541.5,6.63992308,0.373846154,0.88,0,0.88,1.25384615,0,1.25384615,0,0.2
542,6.82684615,0.574307692,0.918,0,0.918,1.49230769,0,1.49230769,0,0.2
542.5,7.114,1.08723077,0.882,0,0.882,1.96923077,0,1.96923077,0,0.2
543,7.65761538,0.612461538,0.926,0,0.926,1.53846154,0,1.53846154,0,0.2
543.5,7.96384615,0.0723076923,0.858,0,0.858,1.25384615,0.323538462,0.930307692,0,0.2
544,8,0,0.514,0,0.514,0.915384615,0.401384615,0.514,0,0.2
544.5,8,0,0.48,0,0.48,0.530769231,0.0507692308,0.48,0,0.2
545,8,-0.375384615,0.76,0,0.76,0.384615385,0,0.384615385,0,0.2
545.5,7.81230769,-0.717538462,1.056,0,1.056,0.338461538,0,0.338461538,0,0.2
546,7.45353846,-0.785538462,1.124,0,1.124,0.338461538,0,0.338461538,0,0.2
546.5,7.06076923,-0.427846154,0.574,0,0.574,0.146153846,0,0.146153846,0,0.2
547,6.84684615,-0.356,0.456,0,0.456,0.1,0,0.1,0,0.2
547.5,6.66884615,-0.844,0.844,0,0.844,0,0,0,0,0.2
548,6.24684615,-0.582,0.582,0,0.582,0,0,0,0,0.2
548.5,5.95584615,-0.506,0.506,0,0.506,0,0,0,0,0.2
549,5.70284615,-0.486,0.486,0,0.486,0,0,0,0,0.2
549.5,5.45984615,-0.474,0.474,0,0.474,0,0,0,0,0.2
550,5.22284615,-0.448,0.448,0,0.448,0,0,0,0,0.2
550.5,4.99884615,-0.494,0.494,0,0.494,0,0,0,0,0.2
551,4.75184615,-0.484,0.484,0,0.484,0,0,0,0,0.2
551.5,4.50984615,-0.39,0.39,0,0.39,0,0,0,0,0.2
552,4.31484615,-0.338,0.338,0,0.338,0,0,0,0,0.1
552.5,4.14584615,-0.366,0.366,0,0.366,0,0,0,0,0.1
553,3.96284615,-0.568,0.568,0,0.568,0,0,0,0,0.1
553.5,3.67884615,-0.478,0.478,0,0.478,0,0,0,0,0.1
554,3.43984615,-0.536,0.536,0,0.536,0,0,0,0,0.1
554.5,3.17184615,-0.404,0.404,0,0.404,0,0,0,0,0.1
555,2.96984615,-0.388,0.388,0,0.388,0,0,0,0,0.1
555.5,2.77584615,-0.36,0.36,0,0.36,0,0,0,0,0.1
556,2.59584615,-0.326,0.326,0,0.326,0,0,0,0,0.1
556.5,2.43284615,-0.394,0.394,0,0.394,0,0,0,0,0.1
557,2.23584615,-0.376,0.376,0,0.376,0,0,0,0,0.1
557.5,2.04784615,-0.348,0.348,0,0.348,0,0,0,0,0.1
558,1.87384615,-0.393846154,0.44,0,0.44,0.0461538462,0,0.0461538462,0,0.2
558.5,1.67692308,-0.785846154,0.832,0,0.832,0.0461538462,0,0.0461538462,0,0.2
559,1.284,-0.851846154,0.998,0,0.998,0.146153846,0,0.146153846,0,0.2
559.5,0.858076923,-0.802,0.902,0,0.902,0.1,0,0.1,0,0.2
560,0.457076923,-0.645846154,0.792,0,0.792,0.146153846,0,0.146153846,0,0.2
560.5,0.134153846,-0.229538462,0.468,0,0.468,0.238461538,0,0.238461538,0,0.2
561,0.0193846154,-0.0387692308,0.404,0,0.404,0.338461538,0,0.338461538,0.0267692308,0.2
561.5,0,0,0.356,0,0.356,0.192307692,0,0.192307692,0.163692308,0.2
562,0,0,0.36,0,0.36,0.292307692,0,0.292307692,0.0676923077,0.2
562.5,0,0.356923077,0.32,0,0.32,0.676923077,0,0.676923077,0,0.2
563,0.178461538,0.383076923,0.34,0,0.34,0.723076923,0,0.723076923,0,0.2
563.5,0.37,0.431230769,0.438,0,0.438,0.869230769,0,0.869230769,0,0.2
564,0.585615385,0.307538462,0.754,0,0.754,1.06153846,0,1.06153846,0,0.2
564.5,0.739384615,-0.401230769,0.832,0,0.832,0.430769231,0,0.430769231,0,0.2
565,0.538769231,-0.216923077,0.84,0,0.84,0.623076923,0,0.623076923,0,0.2
565.5,0.430307692,-0.489538462,0.828,0,0.828,0.338461538,0,0.338461538,0,0.2
566,0.185538462,-0.203076923,0.88,0,0.88,0.676923077,0,0.676923077,0,0.2
566.5,0.084,0.852769231,0.878,0,0.878,1.73076923,0,1.73076923,0,0.2
567,0.510384615,0.405692308,0.702,0,0.702,1.10769231,0,1.10769231,0,0.2
567.5,0.713230769,0.611692308,0.496,0,0.496,1.10769231,0,1.10769231,0,0.2
568,1.01907692,-0.330769231,1.1,0,1.1,0.769230769,0,0.769230769,0,0.2
568.5,0.853692308,0.977076923,0.946,0,0.946,1.92307692,0,1.92307692,0,0.2
569,1.34223077,0.323846154,0.93,0,0.93,1.25384615,0,1.25384615,0,0.2
569.5,1.50415385,-0.0406153846,0.856,0,0.856,0.815384615,0,0.815384615,0,0.2
570,1.48384615,-0.321076923,0.898,0,0.898,0.576923077,0,0.576923077,0,0.2
570.5,1.32330769,-0.921538462,1.26,0,1.26,0.338461538,0,0.338461538,0,0.2
571,0.862538462,-1.07953846,1.318,0,1.318,0.238461538,0,0.238461538,0,0.2
571.5,0.322769231,-0.645538462,1.146,0,1.146,0,0,0,0.500461538,0.2
572,0,0,0.832,0,0.832,0.0461538462,0,0.0461538462,0.785846154,0.2
572.5,0,0,0.846,0,0.846,0,0,0,0.846,0.2
573,0,0,0.924,0,0.924,0,0,0,0.924,0.2
573.5,0,0,0.83,0,0.83,0,0,0,0.83,0.2
574,0,0,0.482,0,0.482,0,0,0,0.482,0.2
574.5,0,0,0.432,0,0.432,0,0,0,0.432,0.2
575,0,0,0.484,0,0.484,0,0,0,0.484,0.2
575.5,0,0,0.54,0,0.54,0,0,0,0.54,0.2
576,0,0,0.494,0,0.494,0,0,0,0.494,0.1
576.5,0,0,0.318,0,0.318,0,0,0,0.318,0.1
577,0,0,0.326,0,0.326,0,0,0,0.326,0.1
577.5,0,0,0.556,0,0.556,0,0,0,0.556,0.1
578,0,0,0.416,0,0.416,0,0,0,0.416,0.1
578.5,0,0,0.5,0,0.5,0,0,0,0.5,0.1
579,0,0,0.418,0,0.418,0,0,0,0.418,0.1
579.5,0,0,0.358,0,0.358,0,0,0,0.358,0.1
580,0,0,0.402,0,0.402,0,0,0,0.402,0.1
580.5,0,0,0.436,0,0.436,0,0,0,0.436,0.1
581,0,0,0.7,0,0.7,0,0,0,0.7,0.1
581.5,0,0,0.67,0,0.67,0,0,0,0.67,0.1
582,0,0,1.142,0,1.142,0,0,0,1.142,0.2
582.5,0,0,0.768,0,0.768,0.238461538,0,0.238461538,0.529538462,0.2
583,0,0,0.67,0,0.67,0.338461538,0,0.338461538,0.331538462,0.2
583.5,0,0,0.63,0,0.63,0.338461538,0,0.338461538,0.291538462,0.2
584,0,0,0.414,0,0.414,0.192307692,0,0.192307692,0.221692308,0.2
584.5,0,0,2.43,0,2.43,0.292307692,0,0.292307692,2.13769231,0.2
585,0,0,1.528,0,1.528,1.10769231,0,1.10769231,0.420307692,0.2
585.5,0,0.859846154,0.394,0,0.394,1.25384615,0,1.25384615,0,0.2
586,0.429923077,1.39876923,0.432,0,0.432,1.83076923,0,1.83076923,0,0.2
586.5,1.12930769,2.07184615,0.382,0,0.382,2.45384615,0,2.45384615,0,0.2
587,2.16523077,2.23015385,0.316,0,0.316,2.54615385,0,2.54615385,0,0.2
587.5,3.28030769,1.60523077,0.464,0,0.464,2.06923077,0,2.06923077,0,0.2
588,4.08292308,1.65938462,0.456,0,0.456,2.11538462,0,2.11538462,0,0.2
588.5,4.91261538,0.329230769,0.44,0,0.44,0.769230769,0,0.769230769,0,0.2
589,5.07723077,-0.126923077,0.85,0,0.85,0.723076923,0,0.723076923,0,0.2
589.5,5.01376923,1.18107692,0.842,0,0.842,2.02307692,0,2.02307692,0,0.2
590,5.60430769,2.30092308,0.876,0,0.876,3.17692308,0,3.17692308,0,0.2
590.5,6.75476923,1.46969231,0.938,0,0.938,2.40769231,0,2.40769231,0,0.2
591,7.48961538,1.02076923,0.962,0,0.962,2.16153846,0.178769231,1.98276923,0,0.2
591.5,8,0,0.608,0,0.608,1.34615385,0.738153846,0.608,0,0.2
592,8,0,0.984,0,0.984,2.45384615,1.46984615,0.984,0,0.2
592.5,8,0,0.794,0,0.794,1.77692308,0.982923077,0.794,0,0.2
593,8,0,0.984,0,0.984,1.49230769,0.508307692,0.984,0,0.2
593.5,8,-0.362769231,1.232,0,1.232,0.869230769,0,0.869230769,0,0.2
594,7.81861538,-0.547076923,1.224,0,1.224,0.676923077,0,0.676923077,0,0.2
594.5,7.54507692,-0.705384615,1.19,0,1.19,0.484615385,0,0.484615385,0,0.2
595,7.19238462,-0.913846154,1.06,0,1.06,0.146153846,0,0.146153846,0,0.2
595.5,6.73546154,-0.846,0.846,0,0.846,0,0,0,0,0.2
596,6.31246154,-0.794,0.794,0,0.794,0,0,0,0,0.2
596.5,5.91546154,-0.828,0.828,0,0.828,0,0,0,0,0.2
597,5.50146154,-0.86,0.86,0,0.86,0,0,0,0,0.2
597.5,5.07146154,-0.652,0.652,0,0.652,0,0,0,0,0.2
598,4.74546154,-0.7,0.7,0,0.7,0,0,0,0,0.2
598.5,4.39546154,-0.794,0.794,0,0.794,0,0,0,0,0.2
599,3.99846154,-0.892,0.892,0,0.892,0,0,0,0,0.2
599.5,3.55246154,-0.756,0.756,0,0.756,0,0,0,0,0.2
600,3.17446154,-0.67,0.67,0,0.67,0,0,0,0,0.1
600.5,2.83946154,-0.702,0.702,0,0.702,0,0,0,0,0.1
601,2.48846154,-0.47,0.47,0,0.47,0,0,0,0,0.1
601.5,2.25346154,-0.432,0.432,0,0.432,0,0,0,0,0.1
602,2.03746154,-0.404,0.404,0,0.404,0,0,0,0,0.1
602.5,1.83546154,-0.368,0.368,0,0.368,0,0,0,0,0.1
603,1.65146154,-0.45,0.45,0,0.45,0,0,0,0,0.1
603.5,1.42646154,-0.42,0.42,0,0.42,0,0,0,0,0.1
604,1.21646154,-0.48,0.48,0,0.48,0,0,0,0,0.1
604.5,0.976461538,-0.446,0.446,0,0.446,0,0,0,0,0.1
605,0.753461538,-0.506,0.506,0,0.506,0,0,0,0,0.1
605.5,0.500461538,-0.418,0.418,0,0.418,0,0,0,0,0.1
606,0.291461538,-0.344,0.444,0,0.444,0.1,0,0.1,0,0.2
606.5,0.119461538,-0.141692308,0.334,0,0.334,0.192307692,0,0.192307692,0,0.2
607,0.0486153846,-0.0972307692,0.684,0,0.684,0.292307692,0,0.292307692,0.294461538,0.2
607.5,0,0,0.438,0,0.438,0.430769231,0,0.430769231,0.00723076923,0.2
608,0,0.0849230769,0.492,0,0.492,0.576923077,0,0.576923077,0,0.2
608.5,0.0424615385,-0.0849230769,0.93,0,0.93,0.815384615,0,0.815384615,0.0296923077,0.2
609,0,0,0.428,0,0.428,0.338461538,0,0.338461538,0.0895384615,0.2
609.5,0,0,0.522,0,0.522,0.384615385,0,0.384615385,0.137384615,0.2
610,0,0.271230769,0.498,0,0.498,0.769230769,0,0.769230769,0,0.2
610.5,0.135615385,1.992,0.608,0,0.608,2.6,0,2.6,0,0.2
611,1.13161538,2.28046154,0.458,0,0.458,2.73846154,0,2.73846154,0,0.2
611.5,2.27184615,1.02230769,0.37,0,0.37,1.39230769,0,1.39230769,0,0.2
612,2.783,-0.0270769231,0.604,0,0.604,0.576923077,0,0.576923077,0,0.2
612.5,2.76946154,1.26876923,0.562,0,0.562,1.83076923,0,1.83076923,0,0.2
613,3.40384615,2.40676923,0.624,0,0.624,3.03076923,0,3.03076923,0,0.2
613.5,4.60723077,2.07292308,1.004,0,1.004,3.07692308,0,3.07692308,0,0.2
614,5.64369231,2.17492308,0.902,0,0.902,3.07692308,0,3.07692308,0,0.2
614.5,6.73115385,2.00461538,0.98,0,0.98,2.98461538,0,2.98461538,0,0.2
615,7.73346154,0.533076923,1.066,0,1.066,2.88461538,1.28553846,1.59907692,0,0.2
615.5,8,0,0.85,0,0.85,2.73846154,1.88846154,0.85,0,0.2
616,8,0,0.888,0,0.888,2.5,1.612,0.888,0,0.2
616.5,8,0,0.938,0,0.938,2.26153846,1.32353846,0.938,0,0.2
617,8,0,1.186,0,1.186,1.96923077,0.783230769,1.186,0,0.2
617.5,8,0,1.052,0,1.052,1.58461538,0.532615385,1.052,0,0.2
618,8,0,0.578,0,0.578,1.06153846,0.483538462,0.578,0,0.2
618.5,8,-0.0270769231,0.704,0,0.704,0.676923077,0,0.676923077,0,0.2
619,7.98646154,-0.457692308,0.75,0,0.75,0.292307692,0,0.292307692,0,0.2
619.5,7.75761538,-0.818,0.818,0,0.818,0,0,0,0,0.2
620,7.34861538,-1.236,1.236,0,1.236,0,0,0,0,0.2
620.5,6.73061538,-1.182,1.182,0,1.182,0,0,0,0,0.2
621,6.13961538,-0.744,0.744,0,0.744,0,0,0,0,0.2
621.5,5.76761538,-0.644,0.644,0,0.644,0,0,0,0,0.2
622,5.44561538,-1.636,1.636,0,1.636,0,0,0,0,0.2
622.5,4.62761538,-1.57384615,1.62,0,1.62,0.0461538462,0,0.0461538462,0,0.2
623,3.84069231,-0.756,0.756,0,0.756,0,0,0,0,0.2
623.5,3.46269231,-1.522,1.522,0,1.522,0,0,0,0,0.2
624,2.70169231,-0.842,0.842,0,0.842,0,0,0,0,0.1
624.5,2.28069231,-0.416,0.416,0,0.416,0,0,0,0,0.1
625,2.07269231,-0.5,0.5,0,0.5,0,0,0,0,0.1
625.5,1.82269231,-0.42,0.42,0,0.42,0,0,0,0,0.1
626,1.61269231,-0.498,0.498,0,0.498,0,0,0,0,0.1
626.5,1.36369231,-0.492,0.492,0,0.492,0,0,0,0,0.1
627,1.11769231,-0.436,0.436,0,0.436,0,0,0,0,0.1
627.5,0.899692308,-0.36,0.36,0,0.36,0,0,0,0,0.1
628,0.719692308,-0.382,0.382,0,0.382,0,0,0,0,0.1
628.5,0.528692308,-0.332,0.332,0,0.332,0,0,0,0,0.1
629,0.362692308,-0.328,0.328,0,0.328,0,0,0,0,0.1
629.5,0.198692308,-0.36,0.36,0,0.36,0,0,0,0,0.1
630,0.0186923077,-0.0373846154,0.426,0,0.426,0,0,0,0.388615385,0.2
630.5,0,0,0.334,0,0.334,0.1,0,0.1,0.234,0.2
631,0,0,0.304,0,0.304,0.1,0,0.1,0.204,0.2
631.5,0,0,0.804,0,0.804,0.238461538,0,0.238461538,0.565538462,0.2
632,0,0,0.692,0,0.692,0.484615385,0,0.484615385,0.207384615,0.2
632.5,0,0.00138461538,0.914,0,0.914,0.915384615,0,0.915384615,0,0.2
633,0.000692307692,0.330307692,1.062,0,1.062,1.39230769,0,1.39230769,0,0.2
633.5,0.165846154,0.382153846,0.964,0,0.964,1.34615385,0,1.34615385,0,0.2
634,0.356923077,-0.436923077,1.16,0,1.16,0.723076923,0,0.723076923,0,0.2
634.5,0.138461538,-0.276923077,0.958,0,0.958,0.676923077,0,0.676923077,0.00415384615,0.2
635,0,0.34,0.96,0,0.96,1.3,0,1.3,0,0.2
635.5,0.17,1.06307692,0.86,0,0.86,1.92307692,0,1.92307692,0,0.2
636,0.701538462,1.63615385,1.01,0,1.01,2.64615385,0,2.64615385,0,0.2
636.5,1.51961538,1.63092308,1.446,0,1.446,3.07692308,0,3.07692308,0,0.2
637,2.33507692,2.25507692,0.868,0,0.868,3.12307692,0,3.12307692,0,0.2
637.5,3.46261538,2.27092308,0.906,0,0.906,3.17692308,0,3.17692308,0,0.2
638,4.59807692,2.29692308,0.78,0,0.78,3.07692308,0,3.07692308,0,0.2
638.5,5.74653846,2.22676923,0.804,0,0.804,3.03076923,0,3.03076923,0,0.2
639,6.85992308,2.26876923,0.662,0,0.662,2.93076923,0,2.93076923,0,0.2
639.5,7.99430769,0.0113846154,1.184,0,1.184,2.73846154,1.54307692,1.19538462,0,0.2
640,8,0,0.92,0,0.92,2.54615385,1.62615385,0.92,0,0.2
640.5,8,0,1.228,0,1.228,2.26153846,1.03353846,1.228,0,0.2
641,8,0,1.47,0,1.47,1.92307692,0.453076923,1.47,0,0.2
641.5,8,0,1.212,0,1.212,1.49230769,0.280307692,1.212,0,0.2
642,8,-0.00815384615,1.162,0,1.162,1.15384615,0,1.15384615,0,0.2
642.5,7.99592308,-0.549076923,1.226,0,1.226,0.676923077,0,0.676923077,0,0.2
643,7.72138462,-1.01784615,1.164,0,1.164,0.146153846,0,0.146153846,0,0.2
643.5,7.21246154,-1.038,1.038,0,1.038,0,0,0,0,0.2
644,6.69346154,-1.026,1.026,0,1.026,0,0,0,0,0.2
644.5,6.18046154,-0.978,0.978,0,0.978,0,0,0,0,0.2
645,5.69146154,-0.984,0.984,0,0.984,0,0,0,0,0.2
645.5,5.19946154,-0.89,0.89,0,0.89,0,0,0,0,0.2
646,4.75446154,-0.974,0.974,0,0.974,0,0,0,0,0.2
646.5,4.26746154,-0.794,0.794,0,0.794,0,0,0,0,0.2
647,3.87046154,-0.644,0.644,0,0.644,0,0,0,0,0.2
647.5,3.54846154,-0.51,0.51,0,0.51,0,0,0,0,0.2
648,3.29346154,-0.58,0.58,0,0.58,0,0,0,0,0.1
648.5,3.00346154,-0.626,0.626,0,0.626,0,0,0,0,0.1
649,2.69046154,-0.578,0.578,0,0.578,0,0,0,0,0.1
649.5,2.40146154,-0.497846154,0.544,0,0.544,0.0461538462,0,0.0461538462,0,0.1
650,2.15253846,-0.5,0.5,0,0.5,0,0,0,0,0.1
650.5,1.90253846,-0.592,0.592,0,0.592,0,0,0,0,0.1
651,1.60653846,-0.628,0.628,0,0.628,0,0,0,0,0.1
651.5,1.29253846,-0.722,0.722,0,0.722,0,0,0,0,0.1
652,0.931538462,-0.632,0.632,0,0.632,0,0,0,0,0.1
652.5,0.615538462,-0.636,0.636,0,0.636,0,0,0,0,0.1
653,0.297538462,-0.48,0.48,0,0.48,0,0,0,0,0.1
653.5,0.0575384615,-0.115076923,0.406,0,0.406,0,0,0,0.290923077,0.1
654,0,0,1.15,0,1.15,0,0,0,1.15,0.2
654.5,0,0,1.278,0,1.278,0.1,0,0.1,1.178,0.2
655,0,0,0.796,0,0.796,0.192307692,0,0.192307692,0.603692308,0.2
655.5,0,0,0.546,0,0.546,0.430769231,0,0.430769231,0.115230769,0.2
656,0,0,0.94,0,0.94,0.530769231,0,0.530769231,0.409230769,0.2
656.5,0,0.323230769,0.546,0,0.546,0.869230769,0,0.869230769,0,0.2
657,0.161615385,0.399846154,0.754,0,0.754,1.15384615,0,1.15384615,0,0.2
657.5,0.361538462,0.446,0.754,0,0.754,1.2,0,1.2,0,0.2
658,0.584538462,0.906769231,0.924,0,0.924,1.83076923,0,1.83076923,0,0.2
658.5,1.03792308,-0.0946153846,0.91,0,0.91,0.815384615,0,0.815384615,0,0.2
659,0.990615385,0.00323076923,0.766,0,0.766,0.769230769,0,0.769230769,0,0.2
659.5,0.992230769,0.247384615,0.668,0,0.668,0.915384615,0,0.915384615,0,0.2
660,1.11592308,0.608153846,0.738,0,0.738,1.34615385,0,1.34615385,0,0.2
660.5,1.42,-0.126769231,0.896,0,0.896,0.769230769,0,0.769230769,0,0.2
661,1.35661538,0.42,0.78,0,0.78,1.2,0,1.2,0,0.2
661.5,1.56661538,0.0253846154,0.79,0,0.79,0.815384615,0,0.815384615,0,0.2
662,1.57930769,-0.274615385,1.19,0,1.19,0.915384615,0,0.915384615,0,0.2
662.5,1.442,-0.166461538,1.128,0,1.128,0.961538462,0,0.961538462,0,0.2
663,1.35876923,0.0675384615,0.994,0,0.994,1.06153846,0,1.06153846,0,0.2
663.5,1.39253846,0.568615385,1.116,0,1.116,1.68461538,0,1.68461538,0,0.2
664,1.67684615,0.540923077,1.236,0,1.236,1.77692308,0,1.77692308,0,0.2
664.5,1.94730769,0.444153846,0.902,0,0.902,1.34615385,0,1.34615385,0,0.2
665,2.16938462,-0.196615385,1.012,0,1.012,0.815384615,0,0.815384615,0,0.2
665.5,2.07107692,-0.521384615,0.906,0,0.906,0.384615385,0,0.384615385,0,0.2
666,1.81038462,-0.659692308,0.952,0,0.952,0.292307692,0,0.292307692,0,0.2
666.5,1.48053846,-0.96,1.06,0,1.06,0.1,0,0.1,0,0.2
667,1.00053846,-0.896,0.896,0,0.896,0,0,0,0,0.2
667.5,0.552538462,-0.756,0.756,0,0.756,0,0,0,0,0.2
668,0.174538462,-0.349076923,0.83,0,0.83,0,0,0,0.480923077,0.2
668.5,0,0,0.836,0,0.836,0,0,0,0.836,0.2
669,0,0,0.858,0,0.858,0,0,0,0.858,0.2
669.5,0,0,0.76,0,0.76,0.0461538462,0,0.0461538462,0.713846154,0.2
670,0,0,0.92,0,0.92,0,0,0,0.92,0.2
670.5,0,0,0.542,0,0.542,0,0,0,0.542,0.2
671,0,0,0.52,0,0.52,0,0,0,0.52,0.2
671.5,0,0,0.476,0,0.476,0,0,0,0.476,0.2
672,0,0,0.432,0,0.432,0,0,0,0.432,0.1
672.5,0,0,0.316,0,0.316,0,0,0,0.316,0.1
673,0,0,0.36,0,0.36,0,0,0,0.36,0.1
673.5,0,0,0.474,0,0.474,0,0,0,0.474,0.1
674,0,0,0.302,0,0.302,0,0,0,0.302,0.1
674.5,0,0,0.4,0,0.4,0,0,0,0.4,0.1
675,0,0,0.38,0,0.38,0,0,0,0.38,0.1
675.5,0,0,0.314,0,0.314,0,0,0,0.314,0.1
676,0,0,0.462,0,0.462,0,0,0,0.462,0.1
676.5,0,0,0.334,0,0.334,0,0,0,0.334,0.1
677,0,0,0.5,0,0.5,0,0,0,0.5,0.1
677.5,0,0,0.454,0,0.454,0,0,0,0.454,0.1
678,0,0,0.894,0,0.894,0,0,0,0.894,0.2
678.5,0,0,0.664,0,0.664,0,0,0,0.664,0.2
679,0,0,0.6,0,0.6,0.146153846,0,0.146153846,0.453846154,0.2
679.5,0,0,1.002,0,1.002,0.292307692,0,0.292307692,0.709692308,0.2
680,0,0,1.066,0,1.066,0.723076923,0,0.723076923,0.342923077,0.2
680.5,0,0,1.572,0,1.572,0.676923077,0,0.676923077,0.895076923,0.2
681,0,0,0.918,0,0.918,0.815384615,0,0.815384615,0.102615385,0.2
681.5,0,0.0953846154,0.82,0,0.82,0.915384615,0,0.915384615,0,0.2
682,0.0476923077,0.0852307692,0.684,0,0.684,0.769230769,0,0.769230769,0,0.2
682.5,0.0903076923,0.662153846,0.784,0,0.784,1.44615385,0,1.44615385,0,0.2
683,0.421384615,1.07676923,0.654,0,0.654,1.73076923,0,1.73076923,0,0.2
683.5,0.959769231,0.631538462,0.43,0,0.43,1.06153846,0,1.06153846,0,0.2
684,1.27553846,0.892153846,0.454,0,0.454,1.34615385,0,1.34615385,0,0.2
684.5,1.72161538,0.706307692,0.786,0,0.786,1.49230769,0,1.49230769,0,0.2
685,2.07476923,1.48584615,0.868,0,0.868,2.35384615,0,2.35384615,0,0.2
685.5,2.81769231,1.07692308,0.7,0,0.7,1.77692308,0,1.77692308,0,0.2
686,3.35615385,1.806,0.794,0,0.794,2.6,0,2.6,0,0.2
686.5,4.25915385,1.47753846,0.684,0,0.684,2.16153846,0,2.16153846,0,0.2
687,4.99792308,0.101692308,0.906,0,0.906,1.00769231,0,1.00769231,0,0.2
687.5,5.04876923,0.475846154,0.778,0,0.778,1.25384615,0,1.25384615,0,0.2
688,5.28669231,0.217846154,1.036,0,1.036,1.25384615,0,1.25384615,0,0.2
688.5,5.39561538,0.277692308,0.83,0,0.83,1.10769231,0,1.10769231,0,0.2
689,5.53446154,-0.00476923077,0.874,0,0.874,0.869230769,0,0.869230769,0,0.2
689.5,5.53207692,-0.543384615,0.928,0,0.928,0.384615385,0,0.384615385,0,0.2
690,5.26038462,-1.31753846,1.556,0,1.556,0.238461538,0,0.238461538,0,0.2
690.5,4.60161538,-1.05984615,1.206,0,1.206,0.146153846,0,0.146153846,0,0.2
691,4.07169231,-1.39384615,1.44,0,1.44,0.0461538462,0,0.0461538462,0,0.2
691.5,3.37476923,-1.178,1.178,0,1.178,0,0,0,0,0.2
692,2.78576923,-0.86,0.86,0,0.86,0,0,0,0,0.2
692.5,2.35576923,-0.898,0.898,0,0.898,0,0,0,0,0.2
693,1.90676923,-2.288,2.288,0,2.288,0,0,0,0,0.2
693.5,0.762769231,-1.52553846,2.034,0,2.034,0,0,0,0.508461538,0.2
694,0,0,0.868,0,0.868,0,0,0,0.868,0.2
694.5,0,0,0.73,0,0.73,0,0,0,0.73,0.2
695,0,0,0.672,0,0.672,0,0,0,0.672,0.2
695.5,0,0,0.484,0,0.484,0.0461538462,0,0.0461538462,0.437846154,0.2
696,0,0,0.282,0,0.282,0,0,0,0.282,0.1
696.5,0,0,0.4,0,0.4,0,0,0,0.4,0.1
697,0,0,0.288,0,0.288,0,0,0,0.288,0.1
697.5,0,0,0.496,0,0.496,0,0,0,0.496,0.1
698,0,0,0.352,0,0.352,0,0,0,0.352,0.1
698.5,0,0,0.654,0,0.654,0,0,0,0.654,0.1
699,0,0,0.532,0,0.532,0,0,0,0.532,0.1
699.5,0,0,0.504,0,0.504,0,0,0,0.504,0.1
700,0,0,0.316,0,0.316,0,0,0,0.316,0.1
700.5,0,0,0.424,0,0.424,0,0,0,0.424,0.1
701,0,0,0.502,0,0.502,0,0,0,0.502,0.1
701.5,0,0,0.476,0,0.476,0,0,0,0.476,0.1
702,0,0,0.616,0,0.616,0.0461538462,0,0.0461538462,0.569846154,0.2
702.5,0,0,0.476,0,0.476,0.192307692,0,0.192307692,0.283692308,0.2
703,0,0,0.55,0,0.55,0.192307692,0,0.192307692,0.357692308,0.2
703.5,0,0,0.516,0,0.516,0.384615385,0,0.384615385,0.131384615,0.2
704,0,0.0207692308,0.51,0,0.51,0.530769231,0,0.530769231,0,0.2
704.5,0.0103846154,0.543230769,0.326,0,0.326,0.869230769,0,0.869230769,0,0.2
705,0.282,0.728,0.472,0,0.472,1.2,0,1.2,0,0.2
705.5,0.646,0.883846154,0.37,0,0.37,1.25384615,0,1.25384615,0,0.2
706,1.08792308,1.42476923,0.306,0,0.306,1.73076923,0,1.73076923,0,0.2
706.5,1.80030769,1.24676923,0.484,0,0.484,1.73076923,0,1.73076923,0,0.2
707,2.42369231,2.00569231,0.302,0,0.302,2.30769231,0,2.30769231,0,0.2
707.5,3.42653846,1.44276923,0.388,0,0.388,1.83076923,0,1.83076923,0,0.2
708,4.14792308,2.16415385,0.482,0,0.482,2.64615385,0,2.64615385,0,0.2
708.5,5.23,2.12476923,0.806,0,0.806,2.93076923,0,2.93076923,0,0.2
709,6.29238462,2.11461538,0.77,0,0.77,2.88461538,0,2.88461538,0,0.2
709.5,7.34969231,1.30061538,0.756,0,0.756,2.98461538,0.928,2.05661538,0,0.2
710,8,0,0.756,0,0.756,3.17692308,2.42092308,0.756,0,0.2
710.5,8,0,0.852,0,0.852,3.07692308,2.22492308,0.852,0,0.2
711,8,0,0.89,0,0.89,2.98461538,2.09461538,0.89,0,0.2
711.5,8,0,0.584,0,0.584,2.79230769,2.20830769,0.584,0,0.2
712,8,0,0.914,0,0.914,2.5,1.586,0.914,0,0.2
712.5,8,0,0.694,0,0.694,2.35384615,1.65984615,0.694,0,0.2
713,8,0,0.776,0,0.776,1.96923077,1.19323077,0.776,0,0.2
713.5,8,0,0.958,0,0.958,1.63846154,0.680461538,0.958,0,0.2
714,8,-0.0223076923,1.03,0,1.03,1.00769231,0,1.00769231,0,0.2
714.5,7.98884615,0.0215384615,0.94,0,0.94,0.961538462,0,0.961538462,0,0.2
715,7.99961538,-0.591384615,0.976,0,0.976,0.384615385,0,0.384615385,0,0.2
715.5,7.70392308,-0.693846154,0.84,0,0.84,0.146153846,0,0.146153846,0,0.2
716,7.357,-0.88,0.88,0,0.88,0,0,0,0,0.2
716.5,6.917,-0.93,0.93,0,0.93,0,0,0,0,0.2
717,6.452,-0.894,0.894,0,0.894,0,0,0,0,0.2
717.5,6.005,-0.558,0.558,0,0.558,0,0,0,0,0.2
718,5.726,-0.564,0.564,0,0.564,0,0,0,0,0.2
718.5,5.444,-0.456,0.456,0,0.456,0,0,0,0,0.2
719,5.216,-0.574,0.574,0,0.574,0,0,0,0,0.2
719.5,4.929,-0.35,0.35,0,0.35,0,0,0,0,0.2
